state,district,total_enrolled,age_0_5,age_5_17,age_18_greater,child_ratio,youth_ratio,adult_ratio,dependency_ratio,ESI
100000,100000,214,0,1,213,0.0,0.004672897196261682,0.9953271028037384,0.004694835680751174,0.9953271028037384
Andaman & Nicobar Islands,Andamans,73,68,5,0,0.9315068493150684,0.0684931506849315,0.0,,0.0
Andaman & Nicobar Islands,Nicobars,1,1,0,0,1.0,0.0,0.0,,0.0
Andaman & Nicobar Islands,South Andaman,37,37,0,0,1.0,0.0,0.0,,0.0
Andaman and Nicobar Islands,Nicobar,74,63,11,0,0.8513513513513513,0.14864864864864866,0.0,,0.0
Andaman and Nicobar Islands,North And Middle Andaman,129,125,4,0,0.9689922480620154,0.031007751937984496,0.0,,0.0
Andaman and Nicobar Islands,South Andaman,187,175,12,0,0.9358288770053476,0.06417112299465241,0.0,,0.0
Andhra Pradesh,Adilabad,1395,1115,279,1,0.7992831541218638,0.2,0.0007168458781362007,1394.0,0.0007168458781362007
Andhra Pradesh,Alluri Sitharama Raju,1214,1064,116,34,0.8764415156507414,0.09555189456342669,0.02800658978583196,34.705882352941174,0.02800658978583196
Andhra Pradesh,Anakapalli,524,505,11,8,0.9637404580152672,0.02099236641221374,0.015267175572519083,64.5,0.015267175572519083
Andhra Pradesh,Anantapur,4311,3990,321,0,0.9255393180236604,0.0744606819763396,0.0,,0.0
Andhra Pradesh,Ananthapur,1937,1789,148,0,0.9235931853381518,0.07640681466184822,0.0,,0.0
Andhra Pradesh,Ananthapuramu,3094,2930,154,10,0.9469941822882999,0.049773755656108594,0.003232062055591467,308.4,0.003232062055591467
Andhra Pradesh,Annamayya,995,843,48,104,0.8472361809045226,0.04824120603015075,0.10452261306532663,8.567307692307692,0.10452261306532663
Andhra Pradesh,Bapatla,482,413,53,16,0.8568464730290456,0.10995850622406639,0.03319502074688797,29.125,0.03319502074688797
Andhra Pradesh,Chittoor,7944,7263,638,43,0.9142749244712991,0.08031218529707956,0.00541289023162135,183.74418604651163,0.00541289023162135
Andhra Pradesh,Cuddapah,5762,5357,403,2,0.9297119055883374,0.06994099271086428,0.0003471017007983339,2880.0,0.0003471017007983339
Andhra Pradesh,Dr. B. R. Ambedkar Konaseema,651,604,30,17,0.9278033794162827,0.04608294930875576,0.026113671274961597,37.294117647058826,0.026113671274961597
Andhra Pradesh,East Godavari,7504,6997,497,10,0.9324360341151386,0.06623134328358209,0.0013326226012793177,749.4,0.0013326226012793177
Andhra Pradesh,Eluru,608,547,45,16,0.899671052631579,0.07401315789473684,0.02631578947368421,37.0,0.02631578947368421
Andhra Pradesh,Guntur,9480,8539,907,34,0.9007383966244725,0.09567510548523207,0.003586497890295359,277.8235294117647,0.003586497890295359
Andhra Pradesh,Hyderabad,4708,3723,984,1,0.7907816482582838,0.20900594732370434,0.00021240441801189465,4707.0,0.00021240441801189465
Andhra Pradesh,K.V.Rangareddy,67,54,13,0,0.8059701492537313,0.19402985074626866,0.0,,0.0
Andhra Pradesh,K.v. Rangareddy,16,13,3,0,0.8125,0.1875,0.0,,0.0
Andhra Pradesh,Kakinada,932,825,80,27,0.8851931330472103,0.08583690987124463,0.028969957081545063,33.51851851851852,0.028969957081545063
Andhra Pradesh,Karim Nagar,81,70,11,0,0.8641975308641975,0.13580246913580246,0.0,,0.0
Andhra Pradesh,Karimnagar,643,541,102,0,0.8413685847589425,0.15863141524105753,0.0,,0.0
Andhra Pradesh,Khammam,1106,847,259,0,0.7658227848101266,0.23417721518987342,0.0,,0.0
Andhra Pradesh,Krishna,6568,6002,533,33,0.9138246041412911,0.08115103532277711,0.0050243605359317906,198.03030303030303,0.0050243605359317906
Andhra Pradesh,Kurnool,11516,10692,800,24,0.9284473775616533,0.06946856547412296,0.0020840569642236887,478.8333333333333,0.0020840569642236887
Andhra Pradesh,Mahabub Nagar,1471,1050,421,0,0.7138001359619307,0.28619986403806935,0.0,,0.0
Andhra Pradesh,Mahabubnagar,7,7,0,0,1.0,0.0,0.0,,0.0
Andhra Pradesh,Mahbubnagar,708,501,207,0,0.7076271186440678,0.2923728813559322,0.0,,0.0
Andhra Pradesh,Medak,1376,1152,223,1,0.8372093023255814,0.1620639534883721,0.0007267441860465116,1375.0,0.0007267441860465116
Andhra Pradesh,N. T. R,912,772,96,44,0.8464912280701754,0.10526315789473684,0.04824561403508772,19.727272727272727,0.04824561403508772
Andhra Pradesh,Nalgonda,1137,930,207,0,0.8179419525065963,0.1820580474934037,0.0,,0.0
Andhra Pradesh,Nandyal,886,842,38,6,0.9503386004514672,0.04288939051918736,0.006772009029345372,146.66666666666666,0.006772009029345372
Andhra Pradesh,Nellore,5264,4524,738,2,0.8594224924012158,0.14019756838905775,0.00037993920972644377,2631.0,0.00037993920972644377
Andhra Pradesh,Nizamabad,498,429,69,0,0.8614457831325302,0.13855421686746988,0.0,,0.0
Andhra Pradesh,Palnadu,830,731,74,25,0.880722891566265,0.0891566265060241,0.030120481927710843,32.2,0.030120481927710843
Andhra Pradesh,Parvathipuram Manyam,489,449,32,8,0.918200408997955,0.065439672801636,0.016359918200409,60.125,0.016359918200409
Andhra Pradesh,Prakasam,7390,6204,1126,60,0.839512855209743,0.1523680649526387,0.008119079837618403,122.16666666666667,0.008119079837618403
Andhra Pradesh,Rangareddi,1833,1444,389,0,0.7877795962902346,0.21222040370976542,0.0,,0.0
Andhra Pradesh,Spsr Nellore,2183,1167,713,303,0.5345854328905176,0.3266147503435639,0.13879981676591846,6.204620462046204,0.13879981676591846
Andhra Pradesh,Sri Potti Sriramulu Nellore,1562,669,607,286,0.42829705505761845,0.3886043533930858,0.18309859154929578,4.461538461538462,0.18309859154929578
Andhra Pradesh,Sri Sathya Sai,901,844,38,19,0.9367369589345172,0.042175360710321866,0.021087680355160933,46.421052631578945,0.021087680355160933
Andhra Pradesh,Srikakulam,4176,4039,129,8,0.9671934865900383,0.03089080459770115,0.0019157088122605363,521.0,0.0019157088122605363
Andhra Pradesh,Tirupati,1683,786,672,225,0.46702317290552586,0.39928698752228164,0.13368983957219252,6.48,0.13368983957219252
Andhra Pradesh,Visakhapatanam,226,186,28,12,0.8230088495575221,0.12389380530973451,0.05309734513274336,17.833333333333332,0.05309734513274336
Andhra Pradesh,Visakhapatnam,7910,7433,447,30,0.9396965865992415,0.056510745891276866,0.0037926675094816687,262.6666666666667,0.0037926675094816687
Andhra Pradesh,Vizianagaram,3745,3591,151,3,0.9588785046728971,0.040320427236315085,0.0008010680907877169,1247.3333333333333,0.0008010680907877169
Andhra Pradesh,Warangal,1004,816,188,0,0.8127490039840638,0.18725099601593626,0.0,,0.0
Andhra Pradesh,West Godavari,5752,5396,334,22,0.9381084840055632,0.058066759388038944,0.0038247566063977748,260.45454545454544,0.0038247566063977748
Andhra Pradesh,Y. S. R,787,704,52,31,0.8945362134688691,0.06607369758576874,0.03939008894536213,24.387096774193548,0.03939008894536213
Arunachal Pradesh,Anjaw,36,22,11,3,0.6111111111111112,0.3055555555555556,0.08333333333333333,11.0,0.08333333333333333
Arunachal Pradesh,Changlang,790,477,300,13,0.6037974683544304,0.379746835443038,0.016455696202531647,59.76923076923077,0.016455696202531647
Arunachal Pradesh,Dibang Valley,10,7,3,0,0.7,0.3,0.0,,0.0
Arunachal Pradesh,East Kameng,179,87,78,14,0.4860335195530726,0.43575418994413406,0.0782122905027933,11.785714285714286,0.0782122905027933
Arunachal Pradesh,East Siang,165,79,84,2,0.47878787878787876,0.509090909090909,0.012121212121212121,81.5,0.012121212121212121
Arunachal Pradesh,Kamle,30,3,25,2,0.1,0.8333333333333334,0.06666666666666667,14.0,0.06666666666666667
Arunachal Pradesh,Kra Daadi,80,18,58,4,0.225,0.725,0.05,19.0,0.05
Arunachal Pradesh,Kurung Kumey,73,19,42,12,0.2602739726027397,0.5753424657534246,0.1643835616438356,5.083333333333333,0.1643835616438356
Arunachal Pradesh,Leparada,3,0,2,1,0.0,0.6666666666666666,0.3333333333333333,2.0,0.3333333333333333
Arunachal Pradesh,Lohit,157,98,58,1,0.6242038216560509,0.36942675159235666,0.006369426751592357,156.0,0.006369426751592357
Arunachal Pradesh,Longding,878,139,703,36,0.15831435079726652,0.8006833712984055,0.04100227790432802,23.38888888888889,0.04100227790432802
Arunachal Pradesh,Lower Dibang Valley,103,53,48,2,0.5145631067961165,0.46601941747572817,0.019417475728155338,50.5,0.019417475728155338
Arunachal Pradesh,Lower Siang,31,10,18,3,0.3225806451612903,0.5806451612903226,0.0967741935483871,9.333333333333334,0.0967741935483871
Arunachal Pradesh,Lower Subansiri,105,50,55,0,0.47619047619047616,0.5238095238095238,0.0,,0.0
Arunachal Pradesh,Namsai,148,93,54,1,0.6283783783783784,0.36486486486486486,0.006756756756756757,147.0,0.006756756756756757
Arunachal Pradesh,Pakke Kessang,4,2,1,1,0.5,0.25,0.25,3.0,0.25
Arunachal Pradesh,Papum Pare,434,197,232,5,0.4539170506912442,0.5345622119815668,0.01152073732718894,85.8,0.01152073732718894
Arunachal Pradesh,Shi-yomi,31,8,18,5,0.25806451612903225,0.5806451612903226,0.16129032258064516,5.2,0.16129032258064516
Arunachal Pradesh,Siang,102,39,59,4,0.38235294117647056,0.5784313725490197,0.0392156862745098,24.5,0.0392156862745098
Arunachal Pradesh,Tawang,153,104,42,7,0.6797385620915033,0.27450980392156865,0.0457516339869281,20.857142857142858,0.0457516339869281
Arunachal Pradesh,Tirap,89,53,35,1,0.5955056179775281,0.39325842696629215,0.011235955056179775,88.0,0.011235955056179775
Arunachal Pradesh,Upper Siang,41,21,19,1,0.5121951219512195,0.4634146341463415,0.024390243902439025,40.0,0.024390243902439025
Arunachal Pradesh,Upper Subansiri,139,74,53,12,0.5323741007194245,0.381294964028777,0.08633093525179857,10.583333333333334,0.08633093525179857
Arunachal Pradesh,West Kameng,273,155,100,18,0.5677655677655677,0.3663003663003663,0.06593406593406594,14.166666666666666,0.06593406593406594
Arunachal Pradesh,West Siang,186,106,78,2,0.5698924731182796,0.41935483870967744,0.010752688172043012,92.0,0.010752688172043012
Assam,Bajali,26,18,7,1,0.6923076923076923,0.2692307692307692,0.038461538461538464,25.0,0.038461538461538464
Assam,Baksa,3584,2036,1159,389,0.5680803571428571,0.32338169642857145,0.10853794642857142,8.2133676092545,0.10853794642857142
Assam,Barpeta,14033,10277,3230,526,0.7323451863464691,0.23017173804603436,0.03748307560749661,25.6787072243346,0.03748307560749661
Assam,Biswanath,1272,747,449,76,0.5872641509433962,0.3529874213836478,0.059748427672955975,15.736842105263158,0.059748427672955975
Assam,Bongaigaon,3103,2279,616,208,0.7344505317434741,0.1985175636480825,0.06703190460844344,13.91826923076923,0.06703190460844344
Assam,Cachar,17211,11284,4413,1514,0.6556272151530997,0.25640578699668815,0.08796699785021207,10.367899603698811,0.08796699785021207
Assam,Charaideo,1182,653,335,194,0.5524534686971235,0.28341793570219964,0.16412859560067683,5.092783505154639,0.16412859560067683
Assam,Chirang,3286,1968,1054,264,0.598904443091905,0.32075471698113206,0.08034083992696288,11.446969696969697,0.08034083992696288
Assam,Darrang,7441,4308,1877,1256,0.5789544416073108,0.25225104152667654,0.16879451686601263,4.9243630573248405,0.16879451686601263
Assam,Dhemaji,6803,3814,1833,1156,0.5606350139644275,0.2694399529619286,0.16992503307364398,4.884948096885813,0.16992503307364398
Assam,Dhubri,12362,8226,3774,362,0.6654263064229089,0.30529040608315805,0.02928328749393302,33.149171270718234,0.02928328749393302
Assam,Dibrugarh,6886,3788,1634,1464,0.5501016555329654,0.23729305837932035,0.2126052860877142,3.703551912568306,0.2126052860877142
Assam,Dima Hasao,248,119,102,27,0.4798387096774194,0.4112903225806452,0.10887096774193548,8.185185185185185,0.10887096774193548
Assam,Goalpara,9714,6741,2180,793,0.6939468807906115,0.22441836524603664,0.08163475396335186,11.24968474148802,0.08163475396335186
Assam,Golaghat,11329,5461,3989,1879,0.4820372495365875,0.35210521670050315,0.16585753376290935,5.029270888770623,0.16585753376290935
Assam,Hailakandi,5399,3698,1400,301,0.6849416558621967,0.259307279125764,0.05575106501203927,16.93687707641196,0.05575106501203927
Assam,Hojai,6940,5208,1577,155,0.7504322766570605,0.22723342939481267,0.0223342939481268,43.774193548387096,0.0223342939481268
Assam,Jorhat,4744,2800,1099,845,0.5902192242833052,0.2316610455311973,0.17811973018549748,4.614201183431953,0.17811973018549748
Assam,Kamrup,13412,9129,3302,981,0.6806591112436624,0.24619743513271697,0.07314345362362064,12.671763506625892,0.07314345362362064
Assam,Kamrup Metro,5875,2577,1988,1310,0.43863829787234043,0.3383829787234043,0.2229787234042553,3.484732824427481,0.2229787234042553
Assam,Karbi Anglong,7967,2850,4049,1068,0.3577256181749718,0.5082214133299862,0.13405296849504206,6.459737827715355,0.13405296849504206
Assam,Karimganj,14599,9185,4821,593,0.6291526816905267,0.33022809781491885,0.04061922049455442,23.618887015177066,0.04061922049455442
Assam,Kokrajhar,4520,2459,1548,513,0.5440265486725664,0.3424778761061947,0.11349557522123893,7.810916179337232,0.11349557522123893
Assam,Lakhimpur,7084,4646,1800,638,0.6558441558441559,0.2540937323546019,0.09006211180124224,10.10344827586207,0.09006211180124224
Assam,Majuli,511,345,155,11,0.675146771037182,0.30332681017612523,0.021526418786692758,45.45454545454545,0.021526418786692758
Assam,Marigaon,10282,6586,2885,811,0.6405368605329702,0.2805874343512935,0.07887570511573624,11.678175092478421,0.07887570511573624
Assam,Nagaon,12589,8783,3418,388,0.6976725712923981,0.27150687107792515,0.0308205576296767,31.445876288659793,0.0308205576296767
Assam,Nalbari,3736,2598,943,195,0.6953961456102784,0.25240899357601715,0.052194860813704495,18.15897435897436,0.052194860813704495
Assam,North Cachar Hills,1043,492,414,137,0.47171620325982744,0.3969319271332694,0.13135186960690318,6.613138686131387,0.13135186960690318
Assam,Sibsagar,2674,1510,502,662,0.5646970830216903,0.18773373223635004,0.2475691847419596,3.039274924471299,0.2475691847419596
Assam,Sivasagar,422,204,113,105,0.4834123222748815,0.2677725118483412,0.24881516587677724,3.019047619047619,0.24881516587677724
Assam,Sonitpur,8924,5300,2657,967,0.5939040788883908,0.2977364410578216,0.10835948005378754,8.228541882109617,0.10835948005378754
Assam,South Salmara Mankachar,1437,1037,354,46,0.721642310368824,0.24634655532359082,0.032011134307585246,30.23913043478261,0.032011134307585246
Assam,Sribhumi,161,110,40,11,0.6832298136645962,0.2484472049689441,0.06832298136645963,13.636363636363637,0.06832298136645963
Assam,Tamulpur District,54,22,32,0,0.4074074074074074,0.5925925925925926,0.0,,0.0
Assam,Tinsukia,8194,3755,2816,1623,0.45826214303148644,0.3436660971442519,0.19807175982426165,4.048675292667899,0.19807175982426165
Assam,Udalguri,4440,2569,1289,582,0.5786036036036036,0.2903153153153153,0.13108108108108107,6.628865979381444,0.13108108108108107
Assam,West Karbi Anglong,1872,388,980,504,0.20726495726495728,0.5235042735042735,0.2692307692307692,2.7142857142857144,0.2692307692307692
Bihar,Araria,15127,9646,5357,124,0.6376677464136974,0.35413499041449065,0.008197263171811991,120.99193548387096,0.008197263171811991
Bihar,Arwal,3749,777,2939,33,0.20725526807148573,0.7839423846359029,0.008802347292611363,112.60606060606061,0.008802347292611363
Bihar,Aurangabad,9810,2874,6864,72,0.2929663608562691,0.6996941896024464,0.007339449541284404,135.25,0.007339449541284404
Bihar,Aurangabad(BH),8,5,3,0,0.625,0.375,0.0,,0.0
Bihar,Aurangabad(bh),103,43,60,0,0.4174757281553398,0.5825242718446602,0.0,,0.0
Bihar,Banka,10693,5945,4669,79,0.5559711961096044,0.4366407930421771,0.00738801084821846,134.35443037974684,0.00738801084821846
Bihar,Begusarai,12625,7719,4851,55,0.6114059405940594,0.38423762376237625,0.004356435643564357,228.54545454545453,0.004356435643564357
Bihar,Bhabua,31,14,17,0,0.45161290322580644,0.5483870967741935,0.0,,0.0
Bihar,Bhagalpur,20596,10196,10025,375,0.4950475820547679,0.48674499902893764,0.018207418916294425,53.922666666666665,0.018207418916294425
Bihar,Bhojpur,12979,3043,9832,104,0.23445565914169042,0.75753139687187,0.008012943986439633,123.79807692307692,0.008012943986439633
Bihar,Buxar,6920,2407,4453,60,0.3478323699421965,0.6434971098265896,0.008670520231213872,114.33333333333333,0.008670520231213872
Bihar,Darbhanga,15167,9633,5466,68,0.6351288982659722,0.3603876837871695,0.0044834179468583105,222.0441176470588,0.0044834179468583105
Bihar,East Champaran,28779,9946,18041,792,0.34559922165467877,0.626880711630008,0.02752006671531325,35.33712121212121,0.02752006671531325
Bihar,Gaya,26760,6540,19786,434,0.24439461883408073,0.7393871449925261,0.016218236173393123,60.65898617511521,0.016218236173393123
Bihar,Gopalganj,14848,5195,9461,192,0.34987877155172414,0.6371901939655172,0.01293103448275862,76.33333333333333,0.01293103448275862
Bihar,Jamui,10098,5042,4897,159,0.4993067934244405,0.4849475143592791,0.01574569221628045,62.509433962264154,0.01574569221628045
Bihar,Jehanabad,4710,888,3683,139,0.18853503184713377,0.7819532908704884,0.02951167728237792,32.884892086330936,0.02951167728237792
Bihar,Kaimur (Bhabua),7622,2924,4614,84,0.38362634479139335,0.6053529257412753,0.01102072946733141,89.73809523809524,0.01102072946733141
Bihar,Katihar,15747,10877,4757,113,0.6907347431256747,0.30208928684828856,0.007175970026036705,138.35398230088495,0.007175970026036705
Bihar,Khagaria,7887,4167,3653,67,0.5283377710155953,0.46316723722581465,0.008494991758590085,116.71641791044776,0.008494991758590085
Bihar,Kishanganj,8230,6527,1680,23,0.7930741190765492,0.20413122721749696,0.0027946537059538273,356.82608695652175,0.0027946537059538273
Bihar,Lakhisarai,6031,2599,3364,68,0.4309401425965843,0.5577847786436744,0.011275078759741337,87.69117647058823,0.011275078759741337
Bihar,Madhepura,8634,4371,4225,38,0.5062543432939541,0.4893444521658559,0.004401204540189946,226.21052631578948,0.004401204540189946
Bihar,Madhubani,25390,12324,12275,791,0.48538794801102797,0.48345805435210715,0.031153997636864907,31.098609355246523,0.031153997636864907
Bihar,Monghyr,49,29,20,0,0.5918367346938775,0.40816326530612246,0.0,,0.0
Bihar,Munger,5916,2368,3446,102,0.4002704530087897,0.5824881676808654,0.017241379310344827,57.0,0.017241379310344827
Bihar,Muzaffarpur,28298,13787,13854,657,0.48720757650717367,0.48957523499893985,0.023217188493886494,42.071537290715376,0.023217188493886494
Bihar,Nalanda,14113,3527,10452,134,0.24991142917877135,0.7405937787855169,0.009494792035711755,104.32089552238806,0.009494792035711755
Bihar,Nawada,15048,2661,12099,288,0.1768341307814992,0.8040271132376395,0.019138755980861243,51.25,0.019138755980861243
Bihar,Pashchim Champaran,16358,5060,10736,562,0.3093287687981416,0.6563149529282308,0.03435627827362758,28.106761565836297,0.03435627827362758
Bihar,Patna,24061,6559,16758,744,0.27259881135447406,0.6964797805577491,0.0309214080877769,31.34005376344086,0.0309214080877769
Bihar,Purba Champaran,121,57,64,0,0.47107438016528924,0.5289256198347108,0.0,,0.0
Bihar,Purbi Champaran,14871,4000,10071,800,0.26897989375294196,0.6772241274964697,0.05379597875058839,17.58875,0.05379597875058839
Bihar,Purnea,255,167,88,0,0.6549019607843137,0.34509803921568627,0.0,,0.0
Bihar,Purnia,19593,11811,7599,183,0.6028173327208697,0.3878425968458123,0.009340070433318021,106.06557377049181,0.009340070433318021
Bihar,Rohtas,7673,2623,4974,76,0.34184803857682783,0.6482471002215561,0.009904861201616056,99.96052631578948,0.009904861201616056
Bihar,Saharsa,12590,6054,6335,201,0.480857823669579,0.5031771247021446,0.01596505162827641,61.63681592039801,0.01596505162827641
Bihar,Samastipur,18501,10838,7532,131,0.5858061726393168,0.407113129020053,0.0070806983406302365,140.2290076335878,0.0070806983406302365
Bihar,Samstipur,78,39,39,0,0.5,0.5,0.0,,0.0
Bihar,Saran,23658,7401,16040,217,0.31283286837433427,0.6779947586440105,0.009172372981655253,108.02304147465438,0.009172372981655253
Bihar,Sheikhpura,3046,1180,1847,19,0.38739330269205513,0.6063690085357847,0.00623768877216021,159.31578947368422,0.00623768877216021
Bihar,Sheikpura,27,11,16,0,0.4074074074074074,0.5925925925925926,0.0,,0.0
Bihar,Sheohar,3030,1900,1119,11,0.6270627062706271,0.3693069306930693,0.0036303630363036304,274.45454545454544,0.0036303630363036304
Bihar,Sitamarhi,41652,20358,18600,2694,0.4887640449438202,0.4465571881302218,0.06467876692595793,14.461024498886415,0.06467876692595793
Bihar,Siwan,14874,5961,8778,135,0.4007664380798709,0.5901573215006051,0.009076240419524002,109.17777777777778,0.009076240419524002
Bihar,Supaul,10036,5473,4408,155,0.5453367875647669,0.4392188122758071,0.015444400159426067,63.748387096774195,0.015444400159426067
Bihar,Vaishali,17448,7972,9424,52,0.4569005043558001,0.5401192113709308,0.0029802842732691427,334.53846153846155,0.0029802842732691427
Bihar,West Champaran,29913,11373,17772,768,0.3802025875037609,0.5941229565740648,0.025674455922174304,37.94921875,0.025674455922174304
Chandigarh,Chandigarh,2617,2374,210,33,0.9071455865494842,0.08024455483377914,0.012609858616736722,78.3030303030303,0.012609858616736722
Chandigarh,Rupnagar,3,3,0,0,1.0,0.0,0.0,,0.0
Chhattisgarh,Balod,1596,1527,65,4,0.956766917293233,0.040726817042606514,0.002506265664160401,398.0,0.002506265664160401
Chhattisgarh,Baloda Bazar,4705,4137,535,33,0.8792773645058448,0.11370882040382571,0.007013815090329437,141.57575757575756,0.007013815090329437
Chhattisgarh,Balrampur,6016,4454,1493,69,0.7403590425531915,0.2481715425531915,0.011469414893617021,86.18840579710145,0.011469414893617021
Chhattisgarh,Bastar,6501,4751,1744,6,0.7308106445162282,0.2682664205506845,0.0009229349330872173,1082.5,0.0009229349330872173
Chhattisgarh,Bemetara,2677,2368,298,11,0.884572282405678,0.11131864026895778,0.004109077325364214,242.36363636363637,0.004109077325364214
Chhattisgarh,Bijapur,6616,3546,1725,1345,0.5359733978234583,0.2607315598548972,0.2032950423216445,3.9189591078066917,0.2032950423216445
Chhattisgarh,Bilaspur,8708,7297,1392,19,0.8379650895728066,0.1598530087276068,0.002181901699586587,457.3157894736842,0.002181901699586587
Chhattisgarh,Dakshin Bastar Dantewada,1172,987,161,24,0.8421501706484642,0.13737201365187712,0.020477815699658702,47.833333333333336,0.020477815699658702
Chhattisgarh,Dantewada,696,573,123,0,0.8232758620689655,0.17672413793103448,0.0,,0.0
Chhattisgarh,Dhamtari,1920,1832,85,3,0.9541666666666667,0.044270833333333336,0.0015625,639.0,0.0015625
Chhattisgarh,Durg,3913,3365,502,46,0.8599539994888832,0.12829031433682597,0.011755686174290826,84.06521739130434,0.011755686174290826
Chhattisgarh,Gariyaband,1486,1261,219,6,0.8485868102288021,0.14737550471063257,0.004037685060565276,246.66666666666666,0.004037685060565276
Chhattisgarh,Gaurela-pendra-marwahi,132,110,17,5,0.8333333333333334,0.12878787878787878,0.03787878787878788,25.4,0.03787878787878788
Chhattisgarh,Gaurella Pendra Marwahi,983,623,290,70,0.6337741607324516,0.2950152594099695,0.07121057985757884,13.042857142857143,0.07121057985757884
Chhattisgarh,Janjgir - Champa,33,32,1,0,0.9696969696969697,0.030303030303030304,0.0,,0.0
Chhattisgarh,Janjgir Champa,24,21,3,0,0.875,0.125,0.0,,0.0
Chhattisgarh,Janjgir-champa,4475,3918,556,1,0.8755307262569832,0.12424581005586592,0.000223463687150838,4474.0,0.000223463687150838
Chhattisgarh,Jashpur,2386,1582,803,1,0.6630343671416596,0.33654652137468566,0.00041911148365465214,2385.0,0.00041911148365465214
Chhattisgarh,Kabeerdham,917,822,92,3,0.8964013086150491,0.10032715376226826,0.003271537622682661,304.6666666666667,0.003271537622682661
Chhattisgarh,Kanker,1632,1362,268,2,0.8345588235294118,0.1642156862745098,0.0012254901960784314,815.0,0.0012254901960784314
Chhattisgarh,Kawardha,2028,1783,244,1,0.8791913214990138,0.1203155818540434,0.0004930966469428008,2027.0,0.0004930966469428008
Chhattisgarh,Khairagarh Chhuikhadan Gandai,233,173,60,0,0.7424892703862661,0.2575107296137339,0.0,,0.0
Chhattisgarh,Kondagaon,2959,1918,1032,9,0.6481919567421426,0.3487664751605272,0.003041568097330179,327.77777777777777,0.003041568097330179
Chhattisgarh,Korba,3465,2967,485,13,0.8562770562770563,0.13997113997113997,0.003751803751803752,265.53846153846155,0.003751803751803752
Chhattisgarh,Koriya,1684,1204,479,1,0.7149643705463183,0.2844418052256532,0.0005938242280285036,1683.0,0.0005938242280285036
Chhattisgarh,Mahasamund,3175,2620,533,22,0.8251968503937008,0.16787401574803149,0.006929133858267717,143.3181818181818,0.006929133858267717
Chhattisgarh,Manendragarh–Chirmiri–Bharatpur,288,187,101,0,0.6493055555555556,0.3506944444444444,0.0,,0.0
Chhattisgarh,Mohalla-Manpur-Ambagarh Chowki,13,9,4,0,0.6923076923076923,0.3076923076923077,0.0,,0.0
Chhattisgarh,Mohla-Manpur-Ambagarh Chouki,253,159,90,4,0.6284584980237155,0.3557312252964427,0.015810276679841896,62.25,0.015810276679841896
Chhattisgarh,Mungeli,2790,2456,332,2,0.8802867383512545,0.11899641577060932,0.0007168458781362007,1394.0,0.0007168458781362007
Chhattisgarh,Narayanpur,729,422,303,4,0.578875171467764,0.4156378600823045,0.0054869684499314125,181.25,0.0054869684499314125
Chhattisgarh,Raigarh,4851,4200,615,36,0.8658008658008658,0.12677798392084105,0.0074211502782931356,133.75,0.0074211502782931356
Chhattisgarh,Raipur,6820,6003,763,54,0.8802052785923754,0.11187683284457478,0.007917888563049853,125.29629629629629,0.007917888563049853
Chhattisgarh,Rajnandgaon,4006,3629,354,23,0.9058911632551173,0.08836744882675986,0.005741387918122816,173.17391304347825,0.005741387918122816
Chhattisgarh,Sakti,452,370,80,2,0.8185840707964602,0.17699115044247787,0.004424778761061947,225.0,0.004424778761061947
Chhattisgarh,Sarangarh-Bilaigarh,179,153,23,3,0.8547486033519553,0.12849162011173185,0.01675977653631285,58.666666666666664,0.01675977653631285
Chhattisgarh,Sukma,2152,1237,796,119,0.574814126394052,0.36988847583643125,0.055297397769516726,17.084033613445378,0.055297397769516726
Chhattisgarh,Surajpur,2831,2146,678,7,0.7580360296714942,0.23949134581419992,0.002472624514305899,403.42857142857144,0.002472624514305899
Chhattisgarh,Surguja,3438,2776,656,6,0.8074461896451425,0.1908086096567772,0.0017452006980802793,572.0,0.0017452006980802793
Chhattisgarh,Uttar Bastar Kanker,839,673,158,8,0.8021454112038141,0.18831942789034564,0.009535160905840286,103.875,0.009535160905840286
Dadra & Nagar Haveli,Dadra & Nagar Haveli,25,22,3,0,0.88,0.12,0.0,,0.0
Dadra and Nagar Haveli,Dadra and Nagar Haveli,738,664,70,4,0.8997289972899729,0.0948509485094851,0.005420054200542005,183.5,0.005420054200542005
Dadra and Nagar Haveli and Daman and Diu,Dadra and Nagar Haveli,87,69,10,8,0.7931034482758621,0.11494252873563218,0.09195402298850575,9.875,0.09195402298850575
Dadra and Nagar Haveli and Daman and Diu,Daman,61,49,5,7,0.8032786885245902,0.08196721311475409,0.11475409836065574,7.714285714285714,0.11475409836065574
Dadra and Nagar Haveli and Daman and Diu,Diu,21,12,5,4,0.5714285714285714,0.23809523809523808,0.19047619047619047,4.25,0.19047619047619047
Daman & Diu,Daman,9,8,1,0,0.8888888888888888,0.1111111111111111,0.0,,0.0
Daman & Diu,Diu,12,12,0,0,1.0,0.0,0.0,,0.0
Daman and Diu,Daman,56,45,11,0,0.8035714285714286,0.19642857142857142,0.0,,0.0
Daman and Diu,Diu,57,55,2,0,0.9649122807017544,0.03508771929824561,0.0,,0.0
Delhi,Central Delhi,3896,2722,986,188,0.6986652977412731,0.25308008213552363,0.048254620123203286,19.72340425531915,0.048254620123203286
Delhi,East Delhi,10640,7978,2439,223,0.7498120300751879,0.22922932330827067,0.020958646616541354,46.71300448430493,0.020958646616541354
Delhi,Najafgarh,30,21,9,0,0.7,0.3,0.0,,0.0
Delhi,New Delhi,1628,914,497,217,0.5614250614250614,0.30528255528255527,0.1332923832923833,6.502304147465438,0.1332923832923833
Delhi,North Delhi,4294,3019,1197,78,0.7030740568234746,0.27876106194690264,0.018164881229622728,54.05128205128205,0.018164881229622728
Delhi,North East,1697,1292,403,2,0.7613435474366529,0.2374779021803182,0.0011785503830288745,847.5,0.0011785503830288745
Delhi,North East   *,2,2,0,0,1.0,0.0,0.0,,0.0
Delhi,North East Delhi,11862,8112,3686,64,0.6838644410723318,0.3107401787219693,0.00539538020569887,184.34375,0.00539538020569887
Delhi,North West Delhi,15501,11956,3196,349,0.7713050770918005,0.20618024643571384,0.022514676472485645,43.41547277936963,0.022514676472485645
Delhi,Shahdara,1697,1119,514,64,0.6593989393046553,0.30288744843842075,0.03771361225692398,25.515625,0.03771361225692398
Delhi,South Delhi,13212,9989,2750,473,0.7560551014229488,0.20814411141386618,0.03580078716318498,26.932346723044397,0.03580078716318498
Delhi,South East Delhi,56,42,9,5,0.75,0.16071428571428573,0.08928571428571429,10.2,0.08928571428571429
Delhi,South West Delhi,9025,6769,1903,353,0.7500277008310249,0.21085872576177286,0.039113573407202215,24.56657223796034,0.039113573407202215
Delhi,West Delhi,19298,13909,4382,1007,0.7207482640688154,0.2270701627111618,0.0521815732200228,18.16385302879841,0.0521815732200228
Goa,Bardez,2,2,0,0,1.0,0.0,0.0,,0.0
Goa,North Goa,1320,1081,145,94,0.818939393939394,0.10984848484848485,0.07121212121212121,13.042553191489361,0.07121212121212121
Goa,South Goa,958,788,108,62,0.8225469728601252,0.1127348643006263,0.06471816283924843,14.451612903225806,0.06471816283924843
Gujarat,Ahmadabad,6633,4079,2314,240,0.6149555254032866,0.3488617518468265,0.03618272274988693,26.6375,0.03618272274988693
Gujarat,Ahmedabad,18513,12415,5521,577,0.6706098417328363,0.2982228704153838,0.03116728785177983,31.084922010398614,0.03116728785177983
Gujarat,Amreli,4173,3359,574,240,0.8049364965252815,0.13755092259765156,0.05751258087706686,16.3875,0.05751258087706686
Gujarat,Anand,6747,5439,805,503,0.8061360604713206,0.11931228694234475,0.07455165258633467,12.41351888667992,0.07455165258633467
Gujarat,Arvalli,2301,1878,314,109,0.8161668839634941,0.13646240764884832,0.04737070838765754,20.110091743119266,0.04737070838765754
Gujarat,Banas Kantha,13491,5991,6718,782,0.44407382699577497,0.4979616040323178,0.057964568971907195,16.251918158567776,0.057964568971907195
Gujarat,Banaskantha,17001,9665,5707,1629,0.5684959708252456,0.3356861361096406,0.09581789306511382,9.43646408839779,0.09581789306511382
Gujarat,Bharuch,4222,3624,502,96,0.8583609663666508,0.11890099478919944,0.022738038844149693,42.979166666666664,0.022738038844149693
Gujarat,Bhavnagar,9997,8276,1291,430,0.8278483545063519,0.12913874162248676,0.04301290387116135,22.248837209302327,0.04301290387116135
Gujarat,Botad,2910,2276,471,163,0.7821305841924399,0.1618556701030928,0.056013745704467356,16.85276073619632,0.056013745704467356
Gujarat,Chhotaudepur,4066,2188,1294,584,0.5381210034431874,0.3182488932611904,0.14363010329562223,5.962328767123288,0.14363010329562223
Gujarat,Dahod,10191,5133,3788,1270,0.5036797173977039,0.37170052006672555,0.1246197625355706,7.024409448818898,0.1246197625355706
Gujarat,Dang,872,531,179,162,0.6089449541284404,0.20527522935779816,0.18577981651376146,4.382716049382716,0.18577981651376146
Gujarat,Devbhumi Dwarka,2457,1822,413,222,0.7415547415547415,0.16809116809116809,0.09035409035409035,10.067567567567568,0.09035409035409035
Gujarat,Dohad,12936,4960,7306,670,0.383426097711812,0.5647804576376005,0.05179344465058751,18.307462686567163,0.05179344465058751
Gujarat,Gandhinagar,5436,3949,812,675,0.7264532744665195,0.14937454010301693,0.12417218543046357,7.053333333333334,0.12417218543046357
Gujarat,Gir Somnath,5672,4333,968,371,0.7639280677009873,0.17066290550070523,0.06540902679830747,14.288409703504042,0.06540902679830747
Gujarat,Jamnagar,5967,4909,791,267,0.8226914697502933,0.13256242668007373,0.04474610356963298,21.348314606741575,0.04474610356963298
Gujarat,Junagadh,5394,4751,551,92,0.8807934742306266,0.10215053763440861,0.017055988134964777,57.630434782608695,0.017055988134964777
Gujarat,Kachchh,9081,6011,2557,513,0.6619315053408215,0.2815769188415373,0.05649157581764123,16.70175438596491,0.05649157581764123
Gujarat,Kheda,7366,5655,1203,508,0.7677165354330708,0.16331794732554983,0.06896551724137931,13.5,0.06896551724137931
Gujarat,Mahesana,6313,5137,886,290,0.8137177253286868,0.140345319182639,0.045936955488674165,20.76896551724138,0.045936955488674165
Gujarat,Mahisagar,2506,1989,389,128,0.7936951316839586,0.15522745411013567,0.05107741420590583,18.578125,0.05107741420590583
Gujarat,Morbi,7950,5506,1798,646,0.6925786163522013,0.2261635220125786,0.08125786163522013,11.306501547987617,0.08125786163522013
Gujarat,Narmada,1236,1113,95,28,0.9004854368932039,0.07686084142394822,0.022653721682847898,43.142857142857146,0.022653721682847898
Gujarat,Navsari,2706,2406,199,101,0.8891352549889135,0.07354028085735403,0.037324464153732445,25.792079207920793,0.037324464153732445
Gujarat,Panch Mahals,1399,855,444,100,0.6111508220157256,0.3173695496783417,0.07147962830593281,12.99,0.07147962830593281
Gujarat,Panchmahals,6127,4705,1097,325,0.7679125183613514,0.1790435776073119,0.05304390403133671,17.852307692307694,0.05304390403133671
Gujarat,Patan,8866,5941,2213,712,0.6700879765395894,0.24960523347620123,0.08030678998420934,11.452247191011235,0.08030678998420934
Gujarat,Porbandar,2488,1976,332,180,0.7942122186495176,0.13344051446945338,0.07234726688102894,12.822222222222223,0.07234726688102894
Gujarat,Rajkot,16777,12163,3704,910,0.7249806282410443,0.22077844668295882,0.0542409250759969,17.436263736263736,0.0542409250759969
Gujarat,Sabar Kantha,2432,1079,1196,157,0.44366776315789475,0.4917763157894737,0.06455592105263158,14.490445859872612,0.06455592105263158
Gujarat,Sabarkantha,5008,3511,1160,337,0.7010782747603834,0.23162939297124602,0.06729233226837061,13.86053412462908,0.06729233226837061
Gujarat,Surat,24947,17990,6310,647,0.7211287930412474,0.25293622479656874,0.02593498216218383,37.557959814528594,0.02593498216218383
Gujarat,Surendra Nagar,6697,4739,1626,332,0.7076302822159176,0.24279528146931462,0.04957443631476781,19.17168674698795,0.04957443631476781
Gujarat,Surendranagar,1441,771,592,78,0.5350451075641915,0.4108258154059681,0.05412907702984039,17.474358974358974,0.05412907702984039
Gujarat,Tapi,2177,1830,198,149,0.8406063389986219,0.09095084979329353,0.06844281120808451,13.610738255033556,0.06844281120808451
Gujarat,The Dangs,1322,1062,186,74,0.8033282904689864,0.14069591527987896,0.05597579425113464,16.864864864864863,0.05597579425113464
Gujarat,Vadodara,11973,9041,2389,543,0.7551156769397812,0.1995322809655057,0.04535204209471311,21.049723756906076,0.04535204209471311
Gujarat,Valsad,7251,5651,1377,223,0.7793407805819887,0.18990484071162597,0.030754378706385328,31.515695067264573,0.030754378706385328
Haryana,Ambala,3115,2963,119,33,0.9512038523274479,0.038202247191011236,0.01059390048154093,93.39393939393939,0.01059390048154093
Haryana,Bhiwani,3320,3155,150,15,0.9503012048192772,0.045180722891566265,0.004518072289156626,220.33333333333334,0.004518072289156626
Haryana,Charkhi Dadri,814,795,19,0,0.9766584766584766,0.02334152334152334,0.0,,0.0
Haryana,Faridabad,15781,12322,3138,321,0.7808123693048603,0.1988467144033965,0.020340916291743234,48.161993769470406,0.020340916291743234
Haryana,Fatehabad,2532,2431,91,10,0.9601105845181674,0.03593996840442338,0.0039494470774091624,252.2,0.0039494470774091624
Haryana,Gurgaon,6651,5256,1209,186,0.790257104194858,0.18177717636445648,0.02796571944068561,34.75806451612903,0.02796571944068561
Haryana,Gurugram,2636,1804,625,207,0.6843702579666161,0.23710166919575112,0.07852807283763277,11.734299516908212,0.07852807283763277
Haryana,Hisar,5050,4754,278,18,0.9413861386138613,0.05504950495049505,0.0035643564356435645,279.55555555555554,0.0035643564356435645
Haryana,Jhajjar,2571,2463,98,10,0.9579929988331388,0.03811746402178141,0.0038895371450797353,256.1,0.0038895371450797353
Haryana,Jhajjar *,1,0,1,0,0.0,1.0,0.0,,0.0
Haryana,Jind,3669,3579,90,0,0.9754701553556827,0.024529844644317254,0.0,,0.0
Haryana,Kaithal,2857,2760,85,12,0.9660483024151207,0.02975148757437872,0.004200210010500525,237.08333333333334,0.004200210010500525
Haryana,Karnal,3907,3724,176,7,0.9531609930893269,0.04504735090862554,0.0017916560020476069,557.1428571428571,0.0017916560020476069
Haryana,Kurukshetra,2312,2227,74,11,0.9632352941176471,0.03200692041522491,0.004757785467128028,209.1818181818182,0.004757785467128028
Haryana,Mahendragarh,2620,2452,150,18,0.9358778625954198,0.05725190839694656,0.006870229007633588,144.55555555555554,0.006870229007633588
Haryana,Mewat,7262,6705,538,19,0.9232993665656843,0.07408427430459928,0.0026163591297163314,381.2105263157895,0.0026163591297163314
Haryana,Nuh,1506,1251,213,42,0.8306772908366534,0.14143426294820718,0.027888446215139442,34.857142857142854,0.027888446215139442
Haryana,Palwal,4428,4106,318,4,0.9272809394760614,0.07181571815718157,0.0009033423667570009,1106.0,0.0009033423667570009
Haryana,Panchkula,1335,1244,86,5,0.9318352059925094,0.06441947565543071,0.003745318352059925,266.0,0.003745318352059925
Haryana,Panipat,6011,5429,537,45,0.9031775079021793,0.08933621693561804,0.007486275162202629,132.57777777777778,0.007486275162202629
Haryana,Rewari,2364,2211,147,6,0.9352791878172588,0.06218274111675127,0.0025380710659898475,393.0,0.0025380710659898475
Haryana,Rohtak,3347,3098,188,61,0.9256050194203764,0.056169704212727815,0.018225276366895728,53.868852459016395,0.018225276366895728
Haryana,Sirsa,3190,2996,193,1,0.9391849529780564,0.06050156739811912,0.00031347962382445143,3189.0,0.00031347962382445143
Haryana,Sonipat,4524,4223,264,37,0.9334659593280283,0.058355437665782495,0.008178603006189214,121.27027027027027,0.008178603006189214
Haryana,Yamuna Nagar,3223,3108,107,8,0.9643189574930189,0.033198883028234566,0.0024821594787465093,401.875,0.0024821594787465093
Haryana,Yamunanagar,59,56,3,0,0.9491525423728814,0.05084745762711865,0.0,,0.0
Himachal Pradesh,Bilaspur,952,938,14,0,0.9852941176470589,0.014705882352941176,0.0,,0.0
Himachal Pradesh,Chamba,1594,1523,64,7,0.9554579673776662,0.04015056461731493,0.00439146800501882,226.71428571428572,0.00439146800501882
Himachal Pradesh,Hamirpur,1159,1143,15,1,0.9861949956859362,0.012942191544434857,0.0008628127696289905,1158.0,0.0008628127696289905
Himachal Pradesh,Kangra,3848,3754,74,20,0.9755717255717256,0.019230769230769232,0.005197505197505198,191.4,0.005197505197505198
Himachal Pradesh,Kinnaur,160,134,21,5,0.8375,0.13125,0.03125,31.0,0.03125
Himachal Pradesh,Kullu,1194,984,108,102,0.8241206030150754,0.09045226130653267,0.08542713567839195,10.705882352941176,0.08542713567839195
Himachal Pradesh,Lahaul and Spiti,3,3,0,0,1.0,0.0,0.0,,0.0
Himachal Pradesh,Lahul & Spiti,37,35,2,0,0.9459459459459459,0.05405405405405406,0.0,,0.0
Himachal Pradesh,Lahul and Spiti,31,30,1,0,0.967741935483871,0.03225806451612903,0.0,,0.0
Himachal Pradesh,Mandi,2436,2383,43,10,0.9782430213464697,0.017651888341543513,0.004105090311986864,242.6,0.004105090311986864
Himachal Pradesh,Shimla,1625,1447,157,21,0.8904615384615384,0.09661538461538462,0.012923076923076923,76.38095238095238,0.012923076923076923
Himachal Pradesh,Sirmaur,1526,1454,65,7,0.9528178243774574,0.04259501965923984,0.0045871559633027525,217.0,0.0045871559633027525
Himachal Pradesh,Solan,1141,1071,65,5,0.9386503067484663,0.05696757230499562,0.0043821209465381246,227.2,0.0043821209465381246
Himachal Pradesh,Una,1203,1182,21,0,0.9825436408977556,0.017456359102244388,0.0,,0.0
Jammu & Kashmir,Anantnag,4,3,1,0,0.75,0.25,0.0,,0.0
Jammu & Kashmir,Badgam,1,0,1,0,0.0,1.0,0.0,,0.0
Jammu & Kashmir,Bandipur,2,2,0,0,1.0,0.0,0.0,,0.0
Jammu & Kashmir,Baramula,46,42,4,0,0.9130434782608695,0.08695652173913043,0.0,,0.0
Jammu & Kashmir,Doda,2,2,0,0,1.0,0.0,0.0,,0.0
Jammu & Kashmir,Jammu,60,50,10,0,0.8333333333333334,0.16666666666666666,0.0,,0.0
Jammu & Kashmir,Kargil,3,2,1,0,0.6666666666666666,0.3333333333333333,0.0,,0.0
Jammu & Kashmir,Kathua,8,8,0,0,1.0,0.0,0.0,,0.0
Jammu & Kashmir,Kupwara,6,5,1,0,0.8333333333333334,0.16666666666666666,0.0,,0.0
Jammu & Kashmir,Leh (ladakh),2,2,0,0,1.0,0.0,0.0,,0.0
Jammu & Kashmir,Pulwama,4,4,0,0,1.0,0.0,0.0,,0.0
Jammu & Kashmir,Punch,1,1,0,0,1.0,0.0,0.0,,0.0
Jammu & Kashmir,Rajauri,2,1,1,0,0.5,0.5,0.0,,0.0
Jammu & Kashmir,Srinagar,3,2,1,0,0.6666666666666666,0.3333333333333333,0.0,,0.0
Jammu & Kashmir,Udhampur,2,2,0,0,1.0,0.0,0.0,,0.0
Jammu And Kashmir,Doda,538,261,260,17,0.4851301115241636,0.483271375464684,0.031598513011152414,30.647058823529413,0.031598513011152414
Jammu And Kashmir,Shopian,412,308,84,20,0.7475728155339806,0.20388349514563106,0.04854368932038835,19.6,0.04854368932038835
Jammu and Kashmir,Anantnag,3227,2866,327,34,0.8881313913851875,0.1013325069724202,0.010536101642392316,93.91176470588235,0.010536101642392316
Jammu and Kashmir,Badgam,1823,1634,188,1,0.8963247394404827,0.10312671420735052,0.0005485463521667581,1822.0,0.0005485463521667581
Jammu and Kashmir,Bandipore,1601,1256,302,43,0.7845096814490943,0.18863210493441598,0.026858213616489695,36.23255813953488,0.026858213616489695
Jammu and Kashmir,Baramula,3651,3076,511,64,0.8425089016707751,0.13996165434127636,0.017529443987948506,56.046875,0.017529443987948506
Jammu and Kashmir,Budgam,804,740,49,15,0.9203980099502488,0.060945273631840796,0.018656716417910446,52.6,0.018656716417910446
Jammu and Kashmir,Doda,3883,3120,748,15,0.8035024465619367,0.19263456090651557,0.0038629925315477724,257.8666666666667,0.0038629925315477724
Jammu and Kashmir,Ganderbal,807,741,56,10,0.9182156133828996,0.06939281288723669,0.012391573729863693,79.7,0.012391573729863693
Jammu and Kashmir,Jammu,4449,3603,810,36,0.8098449089683075,0.1820633850303439,0.008091706001348618,122.58333333333333,0.008091706001348618
Jammu and Kashmir,Kargil,517,378,138,1,0.7311411992263056,0.26692456479690524,0.0019342359767891683,516.0,0.0019342359767891683
Jammu and Kashmir,Kathua,2823,2514,301,8,0.8905419766206164,0.10662415869642225,0.0028338646829613886,351.875,0.0028338646829613886
Jammu and Kashmir,Kishtwar,1240,1035,199,6,0.8346774193548387,0.16048387096774194,0.004838709677419355,205.66666666666666,0.004838709677419355
Jammu and Kashmir,Kulgam,1154,924,221,9,0.8006932409012132,0.19150779896013864,0.00779896013864818,127.22222222222223,0.00779896013864818
Jammu and Kashmir,Kupwara,2795,2322,434,39,0.8307692307692308,0.1552772808586762,0.013953488372093023,70.66666666666667,0.013953488372093023
Jammu and Kashmir,Leh,199,157,41,1,0.7889447236180904,0.20603015075376885,0.005025125628140704,198.0,0.005025125628140704
Jammu and Kashmir,Pulwama,1826,1695,116,15,0.9282584884994524,0.06352683461117196,0.008214676889375685,120.73333333333333,0.008214676889375685
Jammu and Kashmir,Punch,2558,2012,529,17,0.7865519937451134,0.20680218921032056,0.006645817044566067,149.47058823529412,0.006645817044566067
Jammu and Kashmir,Rajouri,2522,1950,565,7,0.7731958762886598,0.22402854877081682,0.0027755749405233942,359.2857142857143,0.0027755749405233942
Jammu and Kashmir,Ramban,1874,1288,581,5,0.687299893276414,0.31003201707577377,0.0026680896478121665,373.8,0.0026680896478121665
Jammu and Kashmir,Reasi,1658,1103,546,9,0.6652593486127865,0.3293124246079614,0.005428226779252111,183.22222222222223,0.005428226779252111
Jammu and Kashmir,Samba,570,516,45,9,0.9052631578947369,0.07894736842105263,0.015789473684210527,62.333333333333336,0.015789473684210527
Jammu and Kashmir,Shupiyan,650,525,124,1,0.8076923076923077,0.19076923076923077,0.0015384615384615385,649.0,0.0015384615384615385
Jammu and Kashmir,Srinagar,3165,2770,266,129,0.8751974723538705,0.08404423380726699,0.04075829383886256,23.53488372093023,0.04075829383886256
Jammu and Kashmir,Udhampur,2745,2393,341,11,0.8717668488160292,0.12422586520947176,0.004007285974499089,248.54545454545453,0.004007285974499089
Jammu and Kashmir,punch,1,1,0,0,1.0,0.0,0.0,,0.0
Jharkhand,Bokaro,5688,3434,2238,16,0.6037271448663853,0.39345991561181437,0.0028129395218002813,354.5,0.0028129395218002813
Jharkhand,Bokaro *,2,2,0,0,1.0,0.0,0.0,,0.0
Jharkhand,Chatra,6279,3440,2806,33,0.547857939162287,0.4468864468864469,0.005255613951266125,189.27272727272728,0.005255613951266125
Jharkhand,Deoghar,8060,4370,3567,123,0.5421836228287841,0.4425558312655087,0.015260545905707195,64.52845528455285,0.015260545905707195
Jharkhand,Dhanbad,10791,6736,3970,85,0.6242238902789361,0.36789917523862475,0.00787693448243907,125.95294117647059,0.00787693448243907
Jharkhand,Dumka,5661,2666,2909,86,0.47094152976505915,0.513866807984455,0.01519166225048578,64.82558139534883,0.01519166225048578
Jharkhand,East Singhbhum,7940,5790,2051,99,0.7292191435768262,0.25831234256926955,0.012468513853904283,79.20202020202021,0.012468513853904283
Jharkhand,East Singhbum,1447,848,546,53,0.5860400829302004,0.37733241188666206,0.036627505183137524,26.30188679245283,0.036627505183137524
Jharkhand,Garhwa,5971,4453,1504,14,0.745771227600067,0.2518841065148216,0.0023446658851113715,425.5,0.0023446658851113715
Jharkhand,Garhwa *,372,306,66,0,0.8225806451612904,0.1774193548387097,0.0,,0.0
Jharkhand,Giridih,14094,7584,6431,79,0.5381013197105151,0.456293458209167,0.005605222080317866,177.40506329113924,0.005605222080317866
Jharkhand,Godda,5160,3086,2057,17,0.5980620155038759,0.39864341085271315,0.0032945736434108527,302.52941176470586,0.0032945736434108527
Jharkhand,Gumla,6652,4055,2505,92,0.609591100420926,0.3765784726398076,0.013830426939266387,71.30434782608695,0.013830426939266387
Jharkhand,Hazaribag,549,346,203,0,0.6302367941712204,0.3697632058287796,0.0,,0.0
Jharkhand,Hazaribagh,6004,3996,1977,31,0.6655562958027982,0.3292804796802132,0.005163224516988674,192.67741935483872,0.005163224516988674
Jharkhand,Jamtara,4340,3081,1243,16,0.7099078341013825,0.28640552995391705,0.003686635944700461,270.25,0.003686635944700461
Jharkhand,Khunti,2583,1394,1144,45,0.5396825396825397,0.4428958575300039,0.017421602787456445,56.4,0.017421602787456445
Jharkhand,Kodarma,305,183,122,0,0.6,0.4,0.0,,0.0
Jharkhand,Koderma,3084,2004,1069,11,0.6498054474708171,0.3466277561608301,0.0035667963683527885,279.3636363636364,0.0035667963683527885
Jharkhand,Latehar,2575,1654,910,11,0.6423300970873786,0.3533980582524272,0.004271844660194175,233.0909090909091,0.004271844660194175
Jharkhand,Lohardaga,2849,1892,902,55,0.6640926640926641,0.3166023166023166,0.019305019305019305,50.8,0.019305019305019305
Jharkhand,Pakaur,291,193,98,0,0.6632302405498282,0.33676975945017185,0.0,,0.0
Jharkhand,Pakur,6851,3918,2888,45,0.5718873157203328,0.42154430010217486,0.006568384177492337,151.24444444444444,0.006568384177492337
Jharkhand,Palamau,276,213,63,0,0.7717391304347826,0.22826086956521738,0.0,,0.0
Jharkhand,Palamu,8401,6391,1947,63,0.7607427687180097,0.23175812403285323,0.0074991072491370075,132.34920634920636,0.0074991072491370075
Jharkhand,Pashchimi Singhbhum,576,329,246,1,0.5711805555555556,0.4270833333333333,0.001736111111111111,575.0,0.001736111111111111
Jharkhand,Purbi Singhbhum,971,801,170,0,0.8249227600411947,0.17507723995880536,0.0,,0.0
Jharkhand,Ramgarh,2879,1831,1037,11,0.6359847169155957,0.3601945119833275,0.0038207711010767626,260.72727272727275,0.0038207711010767626
Jharkhand,Ranchi,13902,9087,4494,321,0.6536469572723349,0.32326283987915405,0.023090202848511005,42.308411214953274,0.023090202848511005
Jharkhand,Sahebganj,6031,3486,2530,15,0.5780135964185044,0.4194992538550821,0.00248714972641353,401.06666666666666,0.00248714972641353
Jharkhand,Sahibganj,345,179,166,0,0.518840579710145,0.4811594202898551,0.0,,0.0
Jharkhand,Seraikela-Kharsawan,3290,2327,934,29,0.7072948328267478,0.2838905775075988,0.008814589665653495,112.44827586206897,0.008814589665653495
Jharkhand,Seraikela-kharsawan,824,526,298,0,0.6383495145631068,0.3616504854368932,0.0,,0.0
Jharkhand,Simdega,1989,1416,560,13,0.7119155354449472,0.2815485168426345,0.006535947712418301,152.0,0.006535947712418301
Jharkhand,West Singhbhum,6580,4031,2501,48,0.6126139817629179,0.3800911854103343,0.00729483282674772,136.08333333333334,0.00729483282674772
Karnataka,Bagalkot,7015,6048,886,81,0.8621525302922309,0.1263007840342124,0.011546685673556665,85.60493827160494,0.011546685673556665
Karnataka,Bagalkot *,243,212,31,0,0.8724279835390947,0.12757201646090535,0.0,,0.0
Karnataka,Ballari,2720,2393,265,62,0.8797794117647059,0.0974264705882353,0.022794117647058822,42.87096774193548,0.022794117647058822
Karnataka,Bangalore,6824,5618,1202,4,0.8232708089097304,0.17614302461899178,0.0005861664712778429,1705.0,0.0005861664712778429
Karnataka,Bangalore Rural,2605,2216,264,125,0.8506717850287908,0.10134357005758157,0.04798464491362764,19.84,0.04798464491362764
Karnataka,Belagavi,7638,6912,614,112,0.9049489395129615,0.08038753600418957,0.014663524482848913,67.19642857142857,0.014663524482848913
Karnataka,Belgaum,6637,5766,869,2,0.8687660087388881,0.13093265029380743,0.00030134096730450503,3317.5,0.00030134096730450503
Karnataka,Bellary,4142,3556,585,1,0.858522452921294,0.14123611781747947,0.00024142926122646064,4141.0,0.00024142926122646064
Karnataka,Bengaluru,30657,20227,6655,3775,0.6597840623674854,0.21707929673484033,0.12313664089767427,7.121059602649007,0.12313664089767427
Karnataka,Bengaluru Rural,2790,1439,730,621,0.5157706093189964,0.2616487455197133,0.22258064516129034,3.4927536231884058,0.22258064516129034
Karnataka,Bengaluru South,196,15,176,5,0.07653061224489796,0.8979591836734694,0.025510204081632654,38.2,0.025510204081632654
Karnataka,Bengaluru Urban,23074,12111,7167,3796,0.5248764843546849,0.31060934385022104,0.16451417179509403,5.078503688092729,0.16451417179509403
Karnataka,Bidar,4817,3878,879,60,0.8050653933983807,0.182478721195765,0.012455885405854267,79.28333333333333,0.012455885405854267
Karnataka,Bijapur,4143,3224,914,5,0.7781800627564567,0.22061308230750665,0.0012068549360366883,827.6,0.0012068549360366883
Karnataka,Bijapur(KAR),3,3,0,0,1.0,0.0,0.0,,0.0
Karnataka,Chamarajanagar,243,227,16,0,0.934156378600823,0.06584362139917696,0.0,,0.0
Karnataka,Chamarajanagar *,23,23,0,0,1.0,0.0,0.0,,0.0
Karnataka,Chamrajanagar,2182,1948,212,22,0.8927589367552704,0.09715857011915674,0.01008249312557287,98.18181818181819,0.01008249312557287
Karnataka,Chamrajnagar,374,350,24,0,0.9358288770053476,0.06417112299465241,0.0,,0.0
Karnataka,Chickmagalur,1197,1098,99,0,0.9172932330827067,0.08270676691729323,0.0,,0.0
Karnataka,Chikkaballapur,3063,2761,288,14,0.901403852432256,0.0940254652301665,0.004570682337577538,217.78571428571428,0.004570682337577538
Karnataka,Chikkamagaluru,1126,995,93,38,0.8836589698046181,0.08259325044404973,0.03374777975133215,28.63157894736842,0.03374777975133215
Karnataka,Chikmagalur,150,141,9,0,0.94,0.06,0.0,,0.0
Karnataka,Chitradurga,4294,3938,311,45,0.9170936190032604,0.07242664182580345,0.01047973917093619,94.42222222222222,0.01047973917093619
Karnataka,Dakshina Kannada,6315,5730,510,75,0.9073634204275535,0.08076009501187649,0.011876484560570071,83.2,0.011876484560570071
Karnataka,Davanagere,477,432,45,0,0.9056603773584906,0.09433962264150944,0.0,,0.0
Karnataka,Davangere,4722,4339,339,44,0.9188903007200339,0.07179161372299873,0.009318085556967387,106.31818181818181,0.009318085556967387
Karnataka,Dharwad,5016,4656,343,17,0.9282296650717703,0.06838118022328549,0.0033891547049441787,294.05882352941177,0.0033891547049441787
Karnataka,Gadag,4354,3997,337,20,0.9180064308681672,0.07740009186954525,0.004593477262287551,216.7,0.004593477262287551
Karnataka,Gadag *,144,134,10,0,0.9305555555555556,0.06944444444444445,0.0,,0.0
Karnataka,Gulbarga,4271,3585,683,3,0.8393818777803793,0.15991571060641535,0.0007024116132053383,1422.6666666666667,0.0007024116132053383
Karnataka,Hasan,966,918,48,0,0.9503105590062112,0.049689440993788817,0.0,,0.0
Karnataka,Hassan,2457,2299,140,18,0.9356939356939357,0.05698005698005698,0.007326007326007326,135.5,0.007326007326007326
Karnataka,Haveri,4155,3834,263,58,0.9227436823104693,0.06329723225030084,0.013959085439229843,70.63793103448276,0.013959085439229843
Karnataka,Haveri *,116,110,6,0,0.9482758620689655,0.05172413793103448,0.0,,0.0
Karnataka,Kalaburagi,4734,4053,597,84,0.8561470215462611,0.12610899873257286,0.017743979721166033,55.357142857142854,0.017743979721166033
Karnataka,Kodagu,1195,1080,74,41,0.9037656903765691,0.06192468619246862,0.03430962343096234,28.146341463414632,0.03430962343096234
Karnataka,Kolar,4051,3715,305,31,0.9170575166625524,0.07529005183905209,0.007652431498395458,129.67741935483872,0.007652431498395458
Karnataka,Koppal,5317,4634,635,48,0.8715441038179425,0.11942824901260109,0.00902764716945646,109.77083333333333,0.00902764716945646
Karnataka,Mandya,3545,3353,149,43,0.945839210155148,0.042031029619181946,0.012129760225669958,81.44186046511628,0.012129760225669958
Karnataka,Mysore,3014,2801,211,2,0.929329794293298,0.07000663570006636,0.0006635700066357001,1506.0,0.0006635700066357001
Karnataka,Mysuru,4301,3599,454,248,0.8367821436875146,0.10555684724482678,0.05766100906765868,16.342741935483872,0.05766100906765868
Karnataka,Raichur,9567,7463,2002,102,0.7800773492212815,0.20926100135883768,0.01066164941988084,92.79411764705883,0.01066164941988084
Karnataka,Ramanagar,2913,2527,375,11,0.8674905595605904,0.12873326467559218,0.0037761757638173706,263.8181818181818,0.0037761757638173706
Karnataka,Ramanagara,204,168,24,12,0.8235294117647058,0.11764705882352941,0.058823529411764705,16.0,0.058823529411764705
Karnataka,Shimoga,2222,2073,149,0,0.9329432943294329,0.06705670567056705,0.0,,0.0
Karnataka,Shivamogga,2197,1976,180,41,0.8994082840236687,0.08192990441511151,0.018661811561219845,52.58536585365854,0.018661811561219845
Karnataka,Tumakuru,2938,2734,157,47,0.9305650102110279,0.05343771272974813,0.015997277059223963,61.51063829787234,0.015997277059223963
Karnataka,Tumkur,2895,2711,184,0,0.9364421416234888,0.06355785837651122,0.0,,0.0
Karnataka,Udupi,3562,3313,207,42,0.9300954519932623,0.05811341942728804,0.011791128579449747,83.80952380952381,0.011791128579449747
Karnataka,Udupi *,2,2,0,0,1.0,0.0,0.0,,0.0
Karnataka,Uttara Kannada,3385,3140,215,30,0.9276218611521418,0.06351550960118169,0.008862629246676515,111.83333333333333,0.008862629246676515
Karnataka,Vijayanagara,2089,1794,239,56,0.8587841072283389,0.11440880804212541,0.026807084729535663,36.30357142857143,0.026807084729535663
Karnataka,Vijayapura,5515,4587,836,92,0.8317316409791478,0.1515865820489574,0.01668177697189483,58.94565217391305,0.01668177697189483
Karnataka,Yadgir,6141,4756,1280,105,0.7744666992346524,0.20843510828855236,0.01709819247679531,57.48571428571429,0.01709819247679531
Karnataka,yadgir,682,566,116,0,0.8299120234604106,0.17008797653958943,0.0,,0.0
Kerala,Alappuzha,3479,2481,871,127,0.7131359586087956,0.25035929864903705,0.03650474274216729,26.393700787401574,0.03650474274216729
Kerala,Ernakulam,6224,4109,1795,320,0.6601863753213367,0.2883997429305913,0.05141388174807198,18.45,0.05141388174807198
Kerala,Idukki,1668,1372,268,28,0.8225419664268585,0.1606714628297362,0.016786570743405275,58.57142857142857,0.016786570743405275
Kerala,Kannur,5875,3943,1704,228,0.6711489361702128,0.29004255319148936,0.03880851063829787,24.767543859649123,0.03880851063829787
Kerala,Kasaragod,3511,2661,790,60,0.757903731130732,0.22500712047849616,0.01708914839077186,57.516666666666666,0.01708914839077186
Kerala,Kasargod,310,247,63,0,0.7967741935483871,0.2032258064516129,0.0,,0.0
Kerala,Kollam,4988,3750,1027,211,0.751804330392943,0.20589414595028066,0.042301523656776266,22.639810426540283,0.042301523656776266
Kerala,Kottayam,3238,2406,780,52,0.7430512662137122,0.24088943792464484,0.01605929586164299,61.26923076923077,0.01605929586164299
Kerala,Kozhikode,6635,4532,1900,203,0.6830444611906556,0.2863602110022607,0.03059532780708365,31.68472906403941,0.03059532780708365
Kerala,Malappuram,14469,10146,4079,244,0.7012233049968899,0.28191305549796114,0.01686363950514894,58.299180327868854,0.01686363950514894
Kerala,Palakkad,6652,5125,1362,165,0.7704449789536981,0.2047504509921828,0.02480457005411906,39.31515151515151,0.02480457005411906
Kerala,Pathanamthitta,1916,1374,471,71,0.7171189979123174,0.24582463465553236,0.037056367432150315,25.985915492957748,0.037056367432150315
Kerala,Thiruvananthapuram,6537,4734,1372,431,0.7241854061496099,0.20988220896435675,0.06593238488603335,14.167053364269142,0.06593238488603335
Kerala,Thrissur,6937,4810,1645,482,0.6933833069050022,0.23713420787083753,0.0694824852241603,13.392116182572614,0.0694824852241603
Kerala,Wayanad,1511,1260,233,18,0.8338848444738584,0.1542025148908008,0.011912640635340834,82.94444444444444,0.011912640635340834
Ladakh,Kargil,492,365,120,7,0.741869918699187,0.24390243902439024,0.014227642276422764,69.28571428571429,0.014227642276422764
Ladakh,Leh,125,101,13,11,0.808,0.104,0.088,10.363636363636363,0.088
Lakshadweep,Lakshadweep,199,188,10,1,0.9447236180904522,0.05025125628140704,0.005025125628140704,198.0,0.005025125628140704
Madhya Pradesh,Agar Malwa,2526,2079,418,29,0.8230403800475059,0.16547901821060965,0.011480601741884403,86.10344827586206,0.011480601741884403
Madhya Pradesh,Alirajpur,6912,3184,3359,369,0.46064814814814814,0.4859664351851852,0.053385416666666664,17.73170731707317,0.053385416666666664
Madhya Pradesh,Anuppur,3181,2824,344,13,0.8877711411505815,0.10814209368123232,0.004086765168186105,243.69230769230768,0.004086765168186105
Madhya Pradesh,Ashok Nagar,5150,3706,1277,167,0.7196116504854368,0.24796116504854368,0.032427184466019415,29.838323353293415,0.032427184466019415
Madhya Pradesh,Ashoknagar,3011,1594,1323,94,0.5293922284955165,0.4393889073397542,0.031218864164729326,31.03191489361702,0.031218864164729326
Madhya Pradesh,Balaghat,6666,6104,534,28,0.9156915691569157,0.08010801080108011,0.0042004200420042,237.07142857142858,0.0042004200420042
Madhya Pradesh,Barwani,21813,12794,8352,667,0.5865309677715124,0.3828909365974419,0.03057809563104571,31.703148425787106,0.03057809563104571
Madhya Pradesh,Betul,8082,6754,1202,126,0.8356842365751052,0.14872556297946052,0.015590200445434299,63.142857142857146,0.015590200445434299
Madhya Pradesh,Bhind,13877,8421,4821,635,0.6068314477192477,0.34740938243136127,0.04575916984939108,20.853543307086614,0.04575916984939108
Madhya Pradesh,Bhopal,12647,11063,1430,154,0.874752905827469,0.11307029335020163,0.012176800822329406,81.12337662337663,0.012176800822329406
Madhya Pradesh,Burhanpur,9689,6542,2759,388,0.6751986789142327,0.28475590876251416,0.04004541232325318,23.971649484536083,0.04004541232325318
Madhya Pradesh,Chhatarpur,17664,11372,5925,367,0.6437952898550725,0.33542798913043476,0.020776721014492752,47.130790190735695,0.020776721014492752
Madhya Pradesh,Chhindwara,8866,8201,618,47,0.9249943604782315,0.06970448905932777,0.0053011504624407855,187.63829787234042,0.0053011504624407855
Madhya Pradesh,Damoh,5926,4957,923,46,0.8364832939588255,0.1557543030712116,0.0077624029699628755,127.82608695652173,0.0077624029699628755
Madhya Pradesh,Datia,5809,3972,1794,43,0.6837665691168876,0.3088311241177483,0.00740230676536409,134.09302325581396,0.00740230676536409
Madhya Pradesh,Dewas,10367,8333,1943,91,0.8038005208835729,0.18742162631426643,0.008777852802160702,112.92307692307692,0.008777852802160702
Madhya Pradesh,Dhar,12549,8607,3517,425,0.6858713841740378,0.28026137540839907,0.03386724041756315,28.527058823529412,0.03386724041756315
Madhya Pradesh,Dindori,2618,2370,247,1,0.9052711993888465,0.09434682964094729,0.0003819709702062643,2617.0,0.0003819709702062643
Madhya Pradesh,East Nimar,3796,2293,1482,21,0.6040569020021075,0.3904109589041096,0.0055321390937829295,179.76190476190476,0.0055321390937829295
Madhya Pradesh,Guna,9699,7410,2224,65,0.7639962882771419,0.22930198989586556,0.0067017218269924735,148.2153846153846,0.0067017218269924735
Madhya Pradesh,Gwalior,18370,11981,5566,823,0.6522046815459989,0.3029940119760479,0.04480130647795318,21.320777642770352,0.04480130647795318
Madhya Pradesh,Harda,2102,1703,381,18,0.8101807802093245,0.181255946717412,0.008563273073263558,115.77777777777777,0.008563273073263558
Madhya Pradesh,Harda *,601,495,106,0,0.8236272878535774,0.17637271214642264,0.0,,0.0
Madhya Pradesh,Hoshangabad,5914,5095,807,12,0.8615150490361854,0.13645586743320934,0.002029083530605343,491.8333333333333,0.002029083530605343
Madhya Pradesh,Indore,22058,16493,4963,602,0.7477105811950313,0.22499773324870795,0.027291685556260766,35.64119601328904,0.027291685556260766
Madhya Pradesh,Jabalpur,12383,10578,1704,101,0.8542356456432205,0.137608010982799,0.008156343373980458,121.60396039603961,0.008156343373980458
Madhya Pradesh,Jhabua,13436,6552,6556,328,0.4876451324799047,0.4879428401309914,0.0244120273891039,39.96341463414634,0.0244120273891039
Madhya Pradesh,Katni,10786,8305,2365,116,0.7699796031893195,0.21926571481550158,0.010754681995178936,91.98275862068965,0.010754681995178936
Madhya Pradesh,Khandwa,4461,3166,1213,82,0.7097063438690876,0.27191212732571174,0.018381528805200626,53.40243902439025,0.018381528805200626
Madhya Pradesh,Khargone,14922,9781,4637,504,0.6554751373810481,0.31074922932582766,0.033775633293124246,28.607142857142858,0.033775633293124246
Madhya Pradesh,Maihar,400,362,19,19,0.905,0.0475,0.0475,20.05263157894737,0.0475
Madhya Pradesh,Mandla,4859,4595,259,5,0.9456678328874254,0.05330314879604857,0.0010290183165260341,970.8,0.0010290183165260341
Madhya Pradesh,Mandsaur,8148,7321,803,24,0.8985027000490918,0.09855179185076092,0.0029455081001472753,338.5,0.0029455081001472753
Madhya Pradesh,Mauganj,423,365,57,1,0.8628841607565012,0.1347517730496454,0.002364066193853428,422.0,0.002364066193853428
Madhya Pradesh,Morena,22268,14005,7605,658,0.6289294054248249,0.3415214657804922,0.029549128794682952,32.8419452887538,0.029549128794682952
Madhya Pradesh,Narmadapuram,726,601,96,29,0.8278236914600551,0.1322314049586777,0.03994490358126722,24.03448275862069,0.03994490358126722
Madhya Pradesh,Narsimhapur,1182,959,223,0,0.811336717428088,0.188663282571912,0.0,,0.0
Madhya Pradesh,Narsinghpur,5128,3820,1217,91,0.7449297971918877,0.2373244929797192,0.017745709828393137,55.35164835164835,0.017745709828393137
Madhya Pradesh,Neemuch,4909,4134,758,17,0.8421267060501121,0.15441026685679365,0.0034630270930943166,287.7647058823529,0.0034630270930943166
Madhya Pradesh,Niwari,138,114,15,9,0.8260869565217391,0.10869565217391304,0.06521739130434782,14.333333333333334,0.06521739130434782
Madhya Pradesh,Pandhurna,98,66,4,28,0.673469387755102,0.04081632653061224,0.2857142857142857,2.5,0.2857142857142857
Madhya Pradesh,Panna,9300,6775,2397,128,0.728494623655914,0.257741935483871,0.013763440860215054,71.65625,0.013763440860215054
Madhya Pradesh,Raisen,7470,6129,1219,122,0.8204819277108434,0.16318607764390897,0.016331994645247656,60.22950819672131,0.016331994645247656
Madhya Pradesh,Rajgarh,7950,6381,1535,34,0.8026415094339623,0.19308176100628932,0.004276729559748427,232.8235294117647,0.004276729559748427
Madhya Pradesh,Ratlam,7884,6376,1433,75,0.808726534753932,0.1817605276509386,0.009512937595129375,104.12,0.009512937595129375
Madhya Pradesh,Rewa,10670,9199,1442,29,0.862136832239925,0.13514526710403,0.002717900656044986,366.9310344827586,0.002717900656044986
Madhya Pradesh,Sagar,13580,11373,1829,378,0.8374815905743741,0.13468335787923416,0.027835051546391754,34.925925925925924,0.027835051546391754
Madhya Pradesh,Satna,13104,11068,1908,128,0.8446275946275946,0.14560439560439561,0.009768009768009768,101.375,0.009768009768009768
Madhya Pradesh,Sehore,6415,5069,1292,54,0.7901792673421668,0.2014029618082619,0.008417770849571318,117.79629629629629,0.008417770849571318
Madhya Pradesh,Seoni,5999,5481,510,8,0.9136522753792299,0.08501416902817137,0.0013335555925987664,748.875,0.0013335555925987664
Madhya Pradesh,Shahdol,5198,4322,817,59,0.8314736437091189,0.1571758368603309,0.011350519430550212,87.10169491525424,0.011350519430550212
Madhya Pradesh,Shajapur,6840,5792,1030,18,0.8467836257309942,0.15058479532163743,0.002631578947368421,379.0,0.002631578947368421
Madhya Pradesh,Sheopur,7143,3740,3264,139,0.5235895282094358,0.45695086098278037,0.019459610807783845,50.388489208633096,0.019459610807783845
Madhya Pradesh,Shivpuri,12427,6979,4728,720,0.5615997424961777,0.3804618974812907,0.05793836002253158,16.259722222222223,0.05793836002253158
Madhya Pradesh,Sidhi,6212,5544,655,13,0.892466194462331,0.1054410817772054,0.0020927237604636186,476.84615384615387,0.0020927237604636186
Madhya Pradesh,Singrauli,6265,5427,819,19,0.8662410215482841,0.13072625698324022,0.0030327214684756584,328.7368421052632,0.0030327214684756584
Madhya Pradesh,Tikamgarh,7130,5581,1521,28,0.7827489481065919,0.21332398316970547,0.003927068723702665,253.64285714285714,0.003927068723702665
Madhya Pradesh,Ujjain,14057,12249,1726,82,0.8713808067155154,0.12278580066870598,0.005833392615778615,170.4268292682927,0.005833392615778615
Madhya Pradesh,Umaria,5139,4225,890,24,0.8221443860673283,0.17318544463903482,0.004670169293636894,213.125,0.004670169293636894
Madhya Pradesh,Vidisha,10202,7855,2178,169,0.7699470692021172,0.21348755146049794,0.016565379337384827,59.366863905325445,0.016565379337384827
Madhya Pradesh,West Nimar,747,608,133,6,0.8139223560910308,0.17804551539491298,0.008032128514056224,123.5,0.008032128514056224
Maharashtra,Ahilyanagar,12,11,1,0,0.9166666666666666,0.08333333333333333,0.0,,0.0
Maharashtra,Ahmadnagar,11657,9239,2293,125,0.7925709873895513,0.19670584198335764,0.010723170627091019,92.256,0.010723170627091019
Maharashtra,Ahmed Nagar,327,265,62,0,0.8103975535168195,0.18960244648318042,0.0,,0.0
Maharashtra,Ahmednagar,368,182,158,28,0.4945652173913043,0.42934782608695654,0.07608695652173914,12.142857142857142,0.07608695652173914
Maharashtra,Akola,4662,3922,691,49,0.8412698412698413,0.14821964821964823,0.010510510510510511,94.14285714285714,0.010510510510510511
Maharashtra,Amravati,6816,5700,1009,107,0.8362676056338029,0.14803403755868544,0.015698356807511738,62.700934579439256,0.015698356807511738
Maharashtra,Aurangabad,17149,12199,4805,145,0.7113534316869788,0.28019126479678114,0.008455303516240013,117.26896551724138,0.008455303516240013
Maharashtra,Beed,10107,7393,2444,270,0.7314732363708321,0.24181260512516078,0.026714158504007122,36.43333333333333,0.026714158504007122
Maharashtra,Bhandara,1862,1801,55,6,0.9672395273899034,0.02953813104189044,0.00322234156820623,309.3333333333333,0.00322234156820623
Maharashtra,Bid,555,430,125,0,0.7747747747747747,0.22522522522522523,0.0,,0.0
Maharashtra,Buldana,1062,950,112,0,0.8945386064030132,0.10546139359698682,0.0,,0.0
Maharashtra,Buldhana,6981,5763,1077,141,0.8255264288783842,0.1542758917060593,0.02019767941555651,48.51063829787234,0.02019767941555651
Maharashtra,Chandrapur,4422,3965,371,86,0.8966530981456354,0.08389868837630032,0.019448213478064226,50.41860465116279,0.019448213478064226
Maharashtra,Chatrapati Sambhaji Nagar,211,114,81,16,0.5402843601895735,0.38388625592417064,0.07582938388625593,12.1875,0.07582938388625593
Maharashtra,Chhatrapati Sambhajinagar,990,403,357,230,0.4070707070707071,0.3606060606060606,0.23232323232323232,3.3043478260869565,0.23232323232323232
Maharashtra,Dharashiv,143,88,28,27,0.6153846153846154,0.1958041958041958,0.1888111888111888,4.296296296296297,0.1888111888111888
Maharashtra,Dhule,12511,7191,4804,516,0.5747741987051395,0.38398209575573494,0.04124370553912557,23.246124031007753,0.04124370553912557
Maharashtra,Gadchiroli,2341,2054,265,22,0.877402819307988,0.11319948739854763,0.009397693293464331,105.4090909090909,0.009397693293464331
Maharashtra,Gondia,28,24,4,0,0.8571428571428571,0.14285714285714285,0.0,,0.0
Maharashtra,Gondiya,2832,2725,101,6,0.9622175141242938,0.0356638418079096,0.00211864406779661,471.0,0.00211864406779661
Maharashtra,Gondiya *,54,50,4,0,0.9259259259259259,0.07407407407407407,0.0,,0.0
Maharashtra,Hingoli,8145,6326,1449,370,0.7766728054020872,0.17790055248618786,0.04542664211172499,21.013513513513512,0.04542664211172499
Maharashtra,Hingoli *,1,1,0,0,1.0,0.0,0.0,,0.0
Maharashtra,Jalgaon,13129,10346,2560,223,0.7880265062076319,0.1949881940741869,0.016985299718181125,57.874439461883405,0.016985299718181125
Maharashtra,Jalna,5512,4564,930,18,0.8280116110304789,0.16872278664731494,0.003265602322206096,305.22222222222223,0.003265602322206096
Maharashtra,Kolhapur,7363,6324,970,69,0.8588890397935625,0.13173977998098602,0.009371180225451583,105.71014492753623,0.009371180225451583
Maharashtra,Latur,7462,5709,1605,148,0.7650763870276065,0.21508978826051997,0.019833824711873494,49.41891891891892,0.019833824711873494
Maharashtra,Mumbai,14302,10421,3805,76,0.7286393511397007,0.2660467067543001,0.005313942105999161,187.18421052631578,0.005313942105999161
Maharashtra,Mumbai City,2888,2284,444,160,0.7908587257617729,0.15373961218836565,0.055401662049861494,17.05,0.055401662049861494
Maharashtra,Mumbai Suburban,17981,12320,4882,779,0.6851676769923808,0.2715088148601301,0.04332350814748902,22.082156611039796,0.04332350814748902
Maharashtra,Mumbai( Sub Urban ),411,334,77,0,0.8126520681265207,0.1873479318734793,0.0,,0.0
Maharashtra,Nagpur,11659,9943,1487,229,0.8528175658289733,0.12754095548503303,0.019641478685993655,49.91266375545852,0.019641478685993655
Maharashtra,Nanded,11767,9010,2427,330,0.7657006883657687,0.20625478031783803,0.028044531316393305,34.657575757575756,0.028044531316393305
Maharashtra,Nandurbar,10440,7585,2619,236,0.7265325670498084,0.2508620689655172,0.022605363984674328,43.23728813559322,0.022605363984674328
Maharashtra,Nandurbar *,137,103,33,1,0.7518248175182481,0.24087591240875914,0.0072992700729927005,136.0,0.0072992700729927005
Maharashtra,Nashik,22019,15984,5731,304,0.7259185249103047,0.26027521685816796,0.013806258231527316,71.43092105263158,0.013806258231527316
Maharashtra,Osmanabad,3885,3182,693,10,0.819047619047619,0.1783783783783784,0.002574002574002574,387.5,0.002574002574002574
Maharashtra,Palghar,10539,7220,3157,162,0.6850744852452795,0.2995540373849511,0.015371477369769428,64.05555555555556,0.015371477369769428
Maharashtra,Parbhani,6159,4961,1000,198,0.8054879038805001,0.1623640201331385,0.03214807598636142,30.106060606060606,0.03214807598636142
Maharashtra,Pune,31148,23622,6404,1122,0.7583793501990497,0.205599075382047,0.0360215744189033,26.76114081996435,0.0360215744189033
Maharashtra,Raigad,3380,2548,730,102,0.7538461538461538,0.21597633136094674,0.03017751479289941,32.13725490196079,0.03017751479289941
Maharashtra,Raigarh,5119,4318,800,1,0.8435241258058215,0.15628052353975386,0.0001953506544246923,5118.0,0.0001953506544246923
Maharashtra,Raigarh(MH),85,70,15,0,0.8235294117647058,0.17647058823529413,0.0,,0.0
Maharashtra,Ratnagiri,2512,2267,213,32,0.902468152866242,0.08479299363057324,0.012738853503184714,77.5,0.012738853503184714
Maharashtra,Sangli,7415,5502,1781,132,0.7420094403236682,0.2401888064733648,0.01780175320296696,55.17424242424242,0.01780175320296696
Maharashtra,Satara,5865,5005,707,153,0.8533674339300937,0.1205456095481671,0.02608695652173913,37.333333333333336,0.02608695652173913
Maharashtra,Sindhudurg,1163,1088,55,20,0.9355116079105761,0.04729148753224419,0.017196904557179708,57.15,0.017196904557179708
Maharashtra,Solapur,12027,9324,2454,249,0.7752556747318533,0.20404090795709653,0.02070341731105014,47.30120481927711,0.02070341731105014
Maharashtra,Thane,43142,28692,13492,958,0.665059570719948,0.31273469009318067,0.022205739186871264,44.03340292275574,0.022205739186871264
Maharashtra,Wardha,1888,1800,83,5,0.9533898305084746,0.04396186440677966,0.0026483050847457626,376.6,0.0026483050847457626
Maharashtra,Washim,3313,2974,295,44,0.8976758225173559,0.08904316329610625,0.013281014186537881,74.29545454545455,0.013281014186537881
Maharashtra,Washim *,30,26,4,0,0.8666666666666667,0.13333333333333333,0.0,,0.0
Maharashtra,Yavatmal,7470,5952,1320,198,0.7967871485943775,0.17670682730923695,0.02650602409638554,36.72727272727273,0.02650602409638554
Manipur,Bishnupur,1107,511,554,42,0.46160794941282746,0.5004516711833785,0.037940379403794036,25.357142857142858,0.037940379403794036
Manipur,Chandel,733,241,487,5,0.32878581173260574,0.6643929058663028,0.0068212824010914054,145.6,0.0068212824010914054
Manipur,Churachandpur,4594,1238,3251,105,0.2694819329560296,0.7076621680452765,0.02285589899869395,42.75238095238095,0.02285589899869395
Manipur,Imphal East,1103,546,548,9,0.49501359927470534,0.4968268359020852,0.008159564823209429,121.55555555555556,0.008159564823209429
Manipur,Imphal West,1217,634,551,32,0.5209531635168447,0.4527526705012325,0.02629416598192276,37.03125,0.02629416598192276
Manipur,Jiribam,145,53,91,1,0.36551724137931035,0.6275862068965518,0.006896551724137931,144.0,0.006896551724137931
Manipur,Kakching,109,39,69,1,0.3577981651376147,0.6330275229357798,0.009174311926605505,108.0,0.009174311926605505
Manipur,Pherzawl,10,1,9,0,0.1,0.9,0.0,,0.0
Manipur,Senapati,1463,747,700,16,0.5105946684894054,0.4784688995215311,0.010936431989063569,90.4375,0.010936431989063569
Manipur,Tamenglong,945,294,622,29,0.3111111111111111,0.6582010582010582,0.030687830687830688,31.586206896551722,0.030687830687830688
Manipur,Thoubal,1019,409,604,6,0.4013738959764475,0.592737978410206,0.005888125613346418,168.83333333333334,0.005888125613346418
Manipur,Ukhrul,754,331,409,14,0.4389920424403183,0.5424403183023873,0.01856763925729443,52.857142857142854,0.01856763925729443
Meghalaya,East Garo Hills,6041,1012,3357,1672,0.16752193345472605,0.55570269822877,0.2767753683165039,2.613038277511962,0.2767753683165039
Meghalaya,East Jaintia Hills,5109,982,2347,1780,0.19220982579761206,0.459385398316696,0.3484047758856919,1.8702247191011236,0.3484047758856919
Meghalaya,East Khasi Hills,28656,4239,14578,9839,0.14792713567839197,0.5087241764377443,0.34334868788386375,1.9124911068197987,0.34334868788386375
Meghalaya,Eastern West Khasi Hills,818,3,226,589,0.003667481662591687,0.2762836185819071,0.7200488997555012,0.38879456706281834,0.7200488997555012
Meghalaya,Jaintia Hills,4,4,0,0,1.0,0.0,0.0,,0.0
Meghalaya,Kamrup,143,13,71,59,0.09090909090909091,0.4965034965034965,0.4125874125874126,1.423728813559322,0.4125874125874126
Meghalaya,North Garo Hills,3053,455,1845,753,0.14903373730756633,0.6043236161152964,0.24664264657713725,3.054448871181939,0.24664264657713725
Meghalaya,Ri Bhoi,9265,1332,4574,3359,0.14376686454398274,0.4936859147328656,0.36254722072315165,1.758261387317654,0.36254722072315165
Meghalaya,South Garo Hills,4426,568,2412,1446,0.12833258020786262,0.5449615906009941,0.32670582919114327,2.060857538035961,0.32670582919114327
Meghalaya,South West Garo Hills,4934,2406,1645,883,0.48763680583704905,0.33340089177138227,0.1789623023915687,4.587768969422424,0.1789623023915687
Meghalaya,South West Khasi Hills,3437,785,1538,1114,0.22839685772475996,0.4474832702938609,0.3241198719813791,2.085278276481149,0.3241198719813791
Meghalaya,West Garo Hills,15799,4507,6760,4532,0.28527121969744923,0.42787518197354263,0.28685359832900814,2.486098852603707,0.28685359832900814
Meghalaya,West Jaintia Hills,11751,2374,5584,3793,0.2020253595438686,0.4751936005446345,0.32278103991149687,2.09807540205642,0.32278103991149687
Meghalaya,West Khasi Hills,15803,2392,8152,5259,0.15136366512687463,0.5158514206163387,0.3327849142567867,2.0049439056854914,0.3327849142567867
Mizoram,Aizawl,1013,742,224,47,0.7324777887462981,0.2211253701875617,0.04639684106614018,20.5531914893617,0.04639684106614018
Mizoram,Champhai,1139,793,257,89,0.6962247585601404,0.22563652326602282,0.0781387181738367,11.797752808988765,0.0781387181738367
Mizoram,Hnahthial,2,2,0,0,1.0,0.0,0.0,,0.0
Mizoram,Khawzawl,34,5,7,22,0.14705882352941177,0.20588235294117646,0.6470588235294118,0.5454545454545454,0.6470588235294118
Mizoram,Kolasib,273,187,51,35,0.684981684981685,0.18681318681318682,0.1282051282051282,6.8,0.1282051282051282
Mizoram,Lawngtlai,1616,1141,378,97,0.7060643564356436,0.23391089108910892,0.06002475247524752,15.65979381443299,0.06002475247524752
Mizoram,Lunglei,700,519,112,69,0.7414285714285714,0.16,0.09857142857142857,9.144927536231885,0.09857142857142857
Mizoram,Mamit,170,140,27,3,0.8235294117647058,0.1588235294117647,0.01764705882352941,55.666666666666664,0.01764705882352941
Mizoram,Mammit,76,68,8,0,0.8947368421052632,0.10526315789473684,0.0,,0.0
Mizoram,Saiha,639,367,176,96,0.5743348982785602,0.27543035993740217,0.15023474178403756,5.65625,0.15023474178403756
Mizoram,Saitual,12,2,3,7,0.16666666666666666,0.25,0.5833333333333334,0.7142857142857143,0.5833333333333334
Mizoram,Serchhip,100,78,16,6,0.78,0.16,0.06,15.666666666666666,0.06
Nagaland,Chumukedima,182,36,96,50,0.1978021978021978,0.5274725274725275,0.27472527472527475,2.64,0.27472527472527475
Nagaland,Dimapur,3182,1108,1798,276,0.34820867379006915,0.5650534255185418,0.08673790069138906,10.528985507246377,0.08673790069138906
Nagaland,Kiphire,881,160,669,52,0.18161180476730987,0.7593643586833144,0.05902383654937571,15.942307692307692,0.05902383654937571
Nagaland,Kohima,1609,555,947,107,0.3449347420758235,0.5885643256681169,0.06650093225605966,14.037383177570094,0.06650093225605966
Nagaland,Longleng,886,205,633,48,0.23137697516930023,0.7144469525959368,0.05417607223476298,17.458333333333332,0.05417607223476298
Nagaland,Meluri,17,2,13,2,0.11764705882352941,0.7647058823529411,0.11764705882352941,7.5,0.11764705882352941
Nagaland,Mokokchung,486,132,311,43,0.2716049382716049,0.6399176954732511,0.08847736625514403,10.30232558139535,0.08847736625514403
Nagaland,Mon,2201,613,1418,170,0.2785097682871422,0.6442526124488869,0.07723761926397092,11.947058823529412,0.07723761926397092
Nagaland,Niuland,28,11,15,2,0.39285714285714285,0.5357142857142857,0.07142857142857142,13.0,0.07142857142857142
Nagaland,Noklak,342,68,236,38,0.19883040935672514,0.6900584795321637,0.1111111111111111,8.0,0.1111111111111111
Nagaland,Peren,1451,509,842,100,0.3507925568573398,0.580289455547898,0.06891798759476224,13.51,0.06891798759476224
Nagaland,Phek,1038,308,691,39,0.29672447013487474,0.6657032755298651,0.03757225433526012,25.615384615384617,0.03757225433526012
Nagaland,Shamator,247,3,221,23,0.012145748987854251,0.8947368421052632,0.0931174089068826,9.73913043478261,0.0931174089068826
Nagaland,Tseminyu,29,7,13,9,0.2413793103448276,0.4482758620689655,0.3103448275862069,2.2222222222222223,0.3103448275862069
Nagaland,Tuensang,1546,492,970,84,0.3182406209573092,0.6274256144890039,0.054333764553686936,17.404761904761905,0.054333764553686936
Nagaland,Wokha,554,117,407,30,0.2111913357400722,0.7346570397111913,0.05415162454873646,17.466666666666665,0.05415162454873646
Nagaland,Zunheboto,750,127,576,47,0.16933333333333334,0.768,0.06266666666666666,14.957446808510639,0.06266666666666666
ODISHA,NUAPADA,1,1,0,0,1.0,0.0,0.0,,0.0
Odisha,ANGUL,1,1,0,0,1.0,0.0,0.0,,0.0
Odisha,ANUGUL,13,12,1,0,0.9230769230769231,0.07692307692307693,0.0,,0.0
Odisha,Angul,2932,2517,402,13,0.8584583901773534,0.13710777626193724,0.004433833560709414,224.53846153846155,0.004433833560709414
Odisha,Anugal,2,1,1,0,0.5,0.5,0.0,,0.0
Odisha,Anugul,141,115,26,0,0.8156028368794326,0.18439716312056736,0.0,,0.0
Odisha,Balangir,5087,4134,897,56,0.8126597208570867,0.1763318262237075,0.01100845291920582,89.83928571428571,0.01100845291920582
Odisha,Baleshwar,814,620,194,0,0.7616707616707616,0.23832923832923833,0.0,,0.0
Odisha,Baleswar,5846,4738,1104,4,0.8104686965446459,0.1888470749230243,0.0006842285323297981,1460.5,0.0006842285323297981
Odisha,Bargarh,5012,4223,787,2,0.8425778132482044,0.15702314445331206,0.0003990422984836393,2505.0,0.0003990422984836393
Odisha,Baudh,169,136,33,0,0.8047337278106509,0.1952662721893491,0.0,,0.0
Odisha,Bhadrak,4423,3301,1108,14,0.7463260230612706,0.2505087044992087,0.0031652724395206874,314.92857142857144,0.0031652724395206874
Odisha,Boudh,1388,1154,232,2,0.8314121037463977,0.16714697406340057,0.001440922190201729,693.0,0.001440922190201729
Odisha,Cuttack,4939,3935,989,15,0.7967199838023892,0.200242964162786,0.003037052034824863,328.26666666666665,0.003037052034824863
Odisha,Debagarh,845,753,87,5,0.8911242603550296,0.10295857988165681,0.005917159763313609,168.0,0.005917159763313609
Odisha,Dhenkanal,2831,2313,510,8,0.8170257859413634,0.18014835747085836,0.00282585658777817,352.875,0.00282585658777817
Odisha,Gajapati,1960,1632,310,18,0.8326530612244898,0.15816326530612246,0.009183673469387756,107.88888888888889,0.009183673469387756
Odisha,Ganjam,7530,6560,961,9,0.8711819389110226,0.12762284196547144,0.001195219123505976,835.6666666666666,0.001195219123505976
Odisha,JAJPUR,2430,1930,453,47,0.7942386831275721,0.18641975308641975,0.01934156378600823,50.702127659574465,0.01934156378600823
Odisha,Jagatsinghapur,3071,2756,292,23,0.8974275480299577,0.095083034842071,0.007489417127971344,132.52173913043478,0.007489417127971344
Odisha,Jagatsinghpur,676,609,67,0,0.900887573964497,0.09911242603550297,0.0,,0.0
Odisha,Jajapur,2439,1966,471,2,0.8060680606806068,0.1931119311193112,0.0008200082000820008,1218.5,0.0008200082000820008
Odisha,Jajpur,15,9,6,0,0.6,0.4,0.0,,0.0
Odisha,Jharsuguda,1126,1041,85,0,0.9245115452930728,0.07548845470692718,0.0,,0.0
Odisha,Kalahandi,4409,3293,1053,63,0.7468813789975051,0.23882966659106372,0.014288954411431163,68.98412698412699,0.014288954411431163
Odisha,Kandhamal,2996,2563,425,8,0.8554739652870494,0.14185580774365822,0.0026702269692923898,373.5,0.0026702269692923898
Odisha,Kendrapara,3867,3092,730,45,0.7995862425652961,0.18877682958365657,0.011636927851047323,84.93333333333334,0.011636927851047323
Odisha,Kendujhar,5244,4239,991,14,0.8083524027459954,0.18897787948131198,0.002669717772692601,373.57142857142856,0.002669717772692601
Odisha,Khorda,4222,3419,639,164,0.8098057792515395,0.15135007105637138,0.038844149692089054,24.74390243902439,0.038844149692089054
Odisha,Khordha,489,378,98,13,0.7730061349693251,0.20040899795501022,0.026584867075664622,36.61538461538461,0.026584867075664622
Odisha,Koraput,4310,3130,1134,46,0.7262180974477959,0.2631090487238979,0.010672853828306265,92.69565217391305,0.010672853828306265
Odisha,Malkangiri,2817,2327,486,4,0.8260560880369187,0.17252396166134185,0.0014199503017394391,703.25,0.0014199503017394391
Odisha,Mayurbhanj,8008,6151,1823,34,0.7681068931068931,0.22764735264735264,0.004245754245754246,234.52941176470588,0.004245754245754246
Odisha,NUAPADA,37,33,4,0,0.8918918918918919,0.10810810810810811,0.0,,0.0
Odisha,Nabarangapur,6165,4127,1973,65,0.6694241686942417,0.3200324412003244,0.010543390105433901,93.84615384615384,0.010543390105433901
Odisha,Nabarangpur,442,327,103,12,0.7398190045248869,0.2330316742081448,0.027149321266968326,35.833333333333336,0.027149321266968326
Odisha,Nayagarh,2324,2049,264,11,0.8816695352839932,0.11359724612736662,0.004733218588640275,210.27272727272728,0.004733218588640275
Odisha,Nuapada,2048,1644,402,2,0.802734375,0.1962890625,0.0009765625,1023.0,0.0009765625
Odisha,Puri,3440,2903,533,4,0.8438953488372093,0.15494186046511627,0.0011627906976744186,859.0,0.0011627906976744186
Odisha,Rayagada,3027,2358,666,3,0.7789890981169475,0.22001982160555006,0.0009910802775024777,1008.0,0.0009910802775024777
Odisha,Sambalpur,2501,2195,305,1,0.8776489404238305,0.12195121951219512,0.00039984006397441024,2500.0,0.00039984006397441024
Odisha,Sonapur,1446,1233,212,1,0.8526970954356846,0.14661134163208853,0.0006915629322268327,1445.0,0.0006915629322268327
Odisha,Subarnapur,391,332,59,0,0.8491048593350383,0.15089514066496162,0.0,,0.0
Odisha,Sundargarh,577,476,101,0,0.8249566724436742,0.17504332755632582,0.0,,0.0
Odisha,Sundergarh,3932,3287,627,18,0.8359613428280773,0.15946083418107834,0.004577822990844354,217.44444444444446,0.004577822990844354
Odisha,jajpur,17,13,4,0,0.7647058823529411,0.23529411764705882,0.0,,0.0
Orissa,Anugul,49,41,8,0,0.8367346938775511,0.16326530612244897,0.0,,0.0
Orissa,Balangir,422,323,99,0,0.7654028436018957,0.23459715639810427,0.0,,0.0
Orissa,Baleshwar,376,329,47,0,0.875,0.125,0.0,,0.0
Orissa,Baleswar,3,2,1,0,0.6666666666666666,0.3333333333333333,0.0,,0.0
Orissa,Bargarh,88,81,7,0,0.9204545454545454,0.07954545454545454,0.0,,0.0
Orissa,Baudh,4,4,0,0,1.0,0.0,0.0,,0.0
Orissa,Bhadrak,367,328,39,0,0.8937329700272479,0.10626702997275204,0.0,,0.0
Orissa,Cuttack,317,261,56,0,0.8233438485804416,0.17665615141955837,0.0,,0.0
Orissa,Debagarh,7,7,0,0,1.0,0.0,0.0,,0.0
Orissa,Dhenkanal,126,108,18,0,0.8571428571428571,0.14285714285714285,0.0,,0.0
Orissa,Gajapati,8,8,0,0,1.0,0.0,0.0,,0.0
Orissa,Ganjam,394,346,48,0,0.8781725888324873,0.1218274111675127,0.0,,0.0
Orissa,Jagatsinghapur,34,30,4,0,0.8823529411764706,0.11764705882352941,0.0,,0.0
Orissa,Jajapur,109,91,18,0,0.8348623853211009,0.1651376146788991,0.0,,0.0
Orissa,Jharsuguda,25,25,0,0,1.0,0.0,0.0,,0.0
Orissa,Kalahandi,10,10,0,0,1.0,0.0,0.0,,0.0
Orissa,Kandhamal,32,30,2,0,0.9375,0.0625,0.0,,0.0
Orissa,Kendrapara,51,47,4,0,0.9215686274509803,0.0784313725490196,0.0,,0.0
Orissa,Kendrapara *,1,1,0,0,1.0,0.0,0.0,,0.0
Orissa,Kendujhar,48,39,9,0,0.8125,0.1875,0.0,,0.0
Orissa,Khorda,2,1,1,0,0.5,0.5,0.0,,0.0
Orissa,Khordha,707,613,94,0,0.867043847241867,0.13295615275813297,0.0,,0.0
Orissa,Koraput,118,93,25,0,0.788135593220339,0.211864406779661,0.0,,0.0
Orissa,Malkangiri,46,39,7,0,0.8478260869565217,0.15217391304347827,0.0,,0.0
Orissa,Mayurbhanj,31,30,1,0,0.967741935483871,0.03225806451612903,0.0,,0.0
Orissa,Nabarangapur,2,1,1,0,0.5,0.5,0.0,,0.0
Orissa,Nayagarh,100,89,11,0,0.89,0.11,0.0,,0.0
Orissa,Nuapada,2,2,0,0,1.0,0.0,0.0,,0.0
Orissa,Puri,215,189,26,0,0.8790697674418605,0.12093023255813953,0.0,,0.0
Orissa,Rayagada,177,144,33,0,0.8135593220338984,0.1864406779661017,0.0,,0.0
Orissa,Sambalpur,24,20,4,0,0.8333333333333334,0.16666666666666666,0.0,,0.0
Orissa,Sonapur,20,20,0,0,1.0,0.0,0.0,,0.0
Orissa,Subarnapur,6,6,0,0,1.0,0.0,0.0,,0.0
Orissa,Sundargarh,132,116,16,0,0.8787878787878788,0.12121212121212122,0.0,,0.0
Orissa,Sundergarh,1,0,1,0,0.0,1.0,0.0,,0.0
Pondicherry,Karaikal,162,154,8,0,0.9506172839506173,0.04938271604938271,0.0,,0.0
Pondicherry,Pondicherry,1074,1005,69,0,0.9357541899441341,0.06424581005586592,0.0,,0.0
Pondicherry,Yanam,24,22,2,0,0.9166666666666666,0.08333333333333333,0.0,,0.0
Puducherry,Karaikal,402,360,30,12,0.8955223880597015,0.07462686567164178,0.029850746268656716,32.5,0.029850746268656716
Puducherry,Pondicherry,3,3,0,0,1.0,0.0,0.0,,0.0
Puducherry,Puducherry,1311,1196,83,32,0.9122807017543859,0.06331045003813883,0.02440884820747521,39.96875,0.02440884820747521
Puducherry,Yanam,7,6,1,0,0.8571428571428571,0.14285714285714285,0.0,,0.0
Punjab,Amritsar,9544,7536,1761,247,0.7896060352053647,0.1845138306789606,0.02588013411567477,37.63967611336032,0.02588013411567477
Punjab,Barnala,1001,914,79,8,0.913086913086913,0.07892107892107893,0.007992007992007992,124.125,0.007992007992007992
Punjab,Bathinda,2657,2350,289,18,0.8844561535566429,0.10876928867143394,0.006774557771923222,146.61111111111111,0.006774557771923222
Punjab,Faridkot,891,785,96,10,0.8810325476992144,0.10774410774410774,0.01122334455667789,88.1,0.01122334455667789
Punjab,Fatehgarh Sahib,1032,877,142,13,0.8498062015503876,0.1375968992248062,0.012596899224806201,78.38461538461539,0.012596899224806201
Punjab,Fazilka,1885,1617,258,10,0.8578249336870026,0.13687002652519895,0.005305039787798408,187.5,0.005305039787798408
Punjab,Ferozepur,1355,1239,111,5,0.9143911439114392,0.08191881918819188,0.0036900369003690036,270.0,0.0036900369003690036
Punjab,Firozpur,393,345,48,0,0.8778625954198473,0.12213740458015267,0.0,,0.0
Punjab,Gurdaspur,5089,4413,550,126,0.8671644723914325,0.10807624287679309,0.024759284731774415,39.388888888888886,0.024759284731774415
Punjab,Hoshiarpur,4086,3476,394,216,0.850709740577582,0.09642682329907,0.05286343612334802,17.916666666666668,0.05286343612334802
Punjab,Jalandhar,4034,3247,717,70,0.8049082796232028,0.17773921665840356,0.017352503718393655,56.628571428571426,0.017352503718393655
Punjab,Kapurthala,3681,2044,438,1199,0.5552838902472155,0.11898940505297473,0.32572670469980985,2.0700583819849876,0.32572670469980985
Punjab,Ludhiana,17457,12099,4528,830,0.6930744114108953,0.25938019132726126,0.04754539726184338,20.032530120481926,0.04754539726184338
Punjab,Malerkotla,842,693,142,7,0.8230403800475059,0.16864608076009502,0.00831353919239905,119.28571428571429,0.00831353919239905
Punjab,Mansa,1101,977,105,19,0.8873751135331517,0.09536784741144415,0.01725703905540418,56.94736842105263,0.01725703905540418
Punjab,Moga,1504,1310,159,35,0.8710106382978723,0.10571808510638298,0.02327127659574468,41.97142857142857,0.02327127659574468
Punjab,Muktsar,331,303,28,0,0.9154078549848943,0.08459214501510574,0.0,,0.0
Punjab,Nawanshahr,191,168,23,0,0.8795811518324608,0.12041884816753927,0.0,,0.0
Punjab,Pathankot,1102,1020,67,15,0.925589836660617,0.060798548094373864,0.013611615245009074,72.46666666666667,0.013611615245009074
Punjab,Patiala,5087,4258,756,73,0.837035580892471,0.14861411440927855,0.014350304698250443,68.68493150684931,0.014350304698250443
Punjab,Rupnagar,1228,1127,89,12,0.9177524429967426,0.0724755700325733,0.009771986970684038,101.33333333333333,0.009771986970684038
Punjab,S.A.S Nagar,705,493,164,48,0.699290780141844,0.2326241134751773,0.06808510638297872,13.6875,0.06808510638297872
Punjab,S.A.S Nagar(Mohali),272,237,35,0,0.8713235294117647,0.12867647058823528,0.0,,0.0
Punjab,SAS Nagar (Mohali),2897,2349,487,61,0.8108387987573352,0.16810493614083535,0.02105626510182948,46.49180327868852,0.02105626510182948
Punjab,Sangrur,2275,2049,197,29,0.9006593406593406,0.0865934065934066,0.012747252747252748,77.44827586206897,0.012747252747252748
Punjab,Shaheed Bhagat Singh Nagar,922,784,99,39,0.8503253796095445,0.10737527114967461,0.04229934924078091,22.641025641025642,0.04229934924078091
Punjab,Sri Muktsar Sahib,1306,1152,146,8,0.8820826952526799,0.11179173047473201,0.006125574272588055,162.25,0.006125574272588055
Punjab,Tarn Taran,2905,2619,267,19,0.9015490533562823,0.0919104991394148,0.006540447504302926,151.89473684210526,0.006540447504302926
Rajasthan,Ajmer,11895,9023,2724,148,0.7585540142917192,0.22900378310214375,0.012442202606137032,79.37162162162163,0.012442202606137032
Rajasthan,Alwar,22931,15477,7158,296,0.6749378570494091,0.3121538528629366,0.012908290087654267,76.4695945945946,0.012908290087654267
Rajasthan,Balotra,1,1,0,0,1.0,0.0,0.0,,0.0
Rajasthan,Banswara,7055,4116,2910,29,0.5834160170092133,0.41247342310418145,0.004110559886605245,242.27586206896552,0.004110559886605245
Rajasthan,Baran,6150,4455,1618,77,0.724390243902439,0.2630894308943089,0.012520325203252032,78.87012987012987,0.012520325203252032
Rajasthan,Barmer,15418,10246,5081,91,0.6645479309897523,0.3295498767674147,0.005902192242833052,168.42857142857142,0.005902192242833052
Rajasthan,Beawar,1,1,0,0,1.0,0.0,0.0,,0.0
Rajasthan,Bharatpur,16763,10089,6499,175,0.6018612420211179,0.3876990992065859,0.010439658772296129,94.78857142857143,0.010439658772296129
Rajasthan,Bhilwara,10837,7719,2936,182,0.7122819968626003,0.27092368736735256,0.01679431577004706,58.543956043956044,0.01679431577004706
Rajasthan,Bikaner,13038,7352,5488,198,0.5638901672035588,0.420923454517564,0.015186378278877128,64.84848484848484,0.015186378278877128
Rajasthan,Bundi,4800,3371,1305,124,0.7022916666666666,0.271875,0.025833333333333333,37.70967741935484,0.025833333333333333
Rajasthan,Chittaurgarh,341,270,70,1,0.7917888563049853,0.20527859237536658,0.002932551319648094,340.0,0.002932551319648094
Rajasthan,Chittorgarh,5888,3636,2124,128,0.6175271739130435,0.3607336956521739,0.021739130434782608,45.0,0.021739130434782608
Rajasthan,Churu,12595,7783,4652,160,0.6179436284239778,0.36935291782453356,0.012703453751488685,77.71875,0.012703453751488685
Rajasthan,Dausa,5979,4169,1762,48,0.6972737916039472,0.29469811005184815,0.008028098344204716,123.5625,0.008028098344204716
Rajasthan,Deeg,61,13,36,12,0.21311475409836064,0.5901639344262295,0.19672131147540983,4.083333333333333,0.19672131147540983
Rajasthan,Deeg ,8,1,7,0,0.125,0.875,0.0,,0.0
Rajasthan,Dhaulpur,131,86,45,0,0.6564885496183206,0.3435114503816794,0.0,,0.0
Rajasthan,Dholpur,8344,5595,2600,149,0.6705417066155321,0.311601150527325,0.017857142857142856,55.0,0.017857142857142856
Rajasthan,Didwana-Kuchaman,2,2,0,0,1.0,0.0,0.0,,0.0
Rajasthan,Dungarpur,6430,3790,2587,53,0.5894245723172629,0.40233281493001555,0.008242612752721618,120.32075471698113,0.008242612752721618
Rajasthan,Ganganagar,5358,4085,1231,42,0.7624113475177305,0.22974990668159762,0.007838745800671893,126.57142857142857,0.007838745800671893
Rajasthan,Hanumangarh,4832,3545,1246,41,0.7336506622516556,0.257864238410596,0.008485099337748344,116.85365853658537,0.008485099337748344
Rajasthan,Jaipur,30341,20934,8683,724,0.6899574832734584,0.28618041593882865,0.023862100787712996,40.90745856353591,0.023862100787712996
Rajasthan,Jaisalmer,2802,1648,1103,51,0.5881513204853676,0.39364739471805854,0.018201284796573874,53.94117647058823,0.018201284796573874
Rajasthan,Jalor,13636,7689,5715,232,0.5638750366676445,0.4191111762980346,0.017013787034320917,57.775862068965516,0.017013787034320917
Rajasthan,Jalore,494,298,183,13,0.6032388663967612,0.37044534412955465,0.02631578947368421,37.0,0.02631578947368421
Rajasthan,Jhalawar,6871,4863,1952,56,0.7077572405763353,0.2840925629457139,0.008150196477950808,121.69642857142857,0.008150196477950808
Rajasthan,Jhunjhunu,296,200,96,0,0.6756756756756757,0.32432432432432434,0.0,,0.0
Rajasthan,Jhunjhunun,7377,5579,1714,84,0.7562694862410194,0.23234377118069677,0.011386742578283855,86.82142857142857,0.011386742578283855
Rajasthan,Jodhpur,21793,14325,6562,906,0.6573211581700547,0.30110585967971365,0.041572982150231724,23.054083885209714,0.041572982150231724
Rajasthan,Karauli,8515,5761,2645,109,0.676570757486788,0.3106283029947152,0.01280093951849677,77.11926605504587,0.01280093951849677
Rajasthan,Kota,7327,5391,1832,104,0.7357718029207042,0.250034120376689,0.014194076702606797,69.45192307692308,0.014194076702606797
Rajasthan,Nagaur,16943,11395,5341,207,0.672549135336127,0.3152334297349938,0.012217434928879183,80.85024154589372,0.012217434928879183
Rajasthan,Pali,8906,6151,2637,118,0.6906579833819897,0.29609252189535146,0.013249494722658881,74.47457627118644,0.013249494722658881
Rajasthan,Pratapgarh,3720,2594,1108,18,0.6973118279569892,0.2978494623655914,0.004838709677419355,205.66666666666666,0.004838709677419355
Rajasthan,Rajsamand,4381,2995,1358,28,0.6836338735448527,0.3099748915772655,0.006391234877881762,155.46428571428572,0.006391234877881762
Rajasthan,Salumbar,1,1,0,0,1.0,0.0,0.0,,0.0
Rajasthan,Sawai Madhopur,6643,4518,2043,82,0.6801144061418034,0.30754177329519794,0.012343820562998644,80.01219512195122,0.012343820562998644
Rajasthan,Sikar,11096,7958,2964,174,0.7171953857245854,0.2671232876712329,0.015681326604181686,62.770114942528735,0.015681326604181686
Rajasthan,Sirohi,10425,5360,4688,377,0.5141486810551559,0.44968824940047963,0.03616306954436451,26.652519893899203,0.03616306954436451
Rajasthan,Tonk,5743,4083,1603,57,0.710952463869058,0.27912240989030124,0.00992512624064078,99.75438596491227,0.00992512624064078
Rajasthan,Udaipur,14423,8409,5825,189,0.5830271094779172,0.40386882063371005,0.013104069888372738,75.31216931216932,0.013104069888372738
Sikkim,East,360,211,147,2,0.5861111111111111,0.4083333333333333,0.005555555555555556,179.0,0.005555555555555556
Sikkim,East Sikkim,337,184,135,18,0.5459940652818991,0.40059347181008903,0.05341246290801187,17.72222222222222,0.05341246290801187
Sikkim,Mangan,3,0,2,1,0.0,0.6666666666666666,0.3333333333333333,2.0,0.3333333333333333
Sikkim,Namchi,23,3,6,14,0.13043478260869565,0.2608695652173913,0.6086956521739131,0.6428571428571429,0.6086956521739131
Sikkim,North,44,34,10,0,0.7727272727272727,0.22727272727272727,0.0,,0.0
Sikkim,North Sikkim,60,43,17,0,0.7166666666666667,0.2833333333333333,0.0,,0.0
Sikkim,South,194,87,106,1,0.4484536082474227,0.5463917525773195,0.005154639175257732,193.0,0.005154639175257732
Sikkim,South Sikkim,459,187,247,25,0.4074074074074074,0.5381263616557734,0.054466230936819175,17.36,0.054466230936819175
Sikkim,West,203,90,108,5,0.4433497536945813,0.5320197044334976,0.024630541871921183,39.6,0.024630541871921183
Sikkim,West Sikkim,492,201,252,39,0.40853658536585363,0.5121951219512195,0.07926829268292683,11.615384615384615,0.07926829268292683
Tamil Nadu,Ariyalur,2336,1876,390,70,0.803082191780822,0.16695205479452055,0.029965753424657533,32.371428571428574,0.029965753424657533
Tamil Nadu,Chengalpattu,1238,852,314,72,0.6882067851373183,0.25363489499192243,0.05815831987075929,16.194444444444443,0.05815831987075929
Tamil Nadu,Chennai,9859,7557,2113,189,0.7665077594076478,0.21432193934476113,0.019170301247591035,51.164021164021165,0.019170301247591035
Tamil Nadu,Coimbatore,8734,6955,1737,42,0.7963132585298832,0.19887794824822533,0.004808793221891459,206.95238095238096,0.004808793221891459
Tamil Nadu,Cuddalore,8454,7344,1066,44,0.8687012065294535,0.12609415661225457,0.005204636858291933,191.13636363636363,0.005204636858291933
Tamil Nadu,Dharmapuri,5576,4708,826,42,0.8443328550932568,0.1481348637015782,0.007532281205164993,131.76190476190476,0.007532281205164993
Tamil Nadu,Dindigul,5959,4585,1362,12,0.7694244000671253,0.22856183923477094,0.002013760698103709,495.5833333333333,0.002013760698103709
Tamil Nadu,Erode,5886,4856,1024,6,0.8250084947332654,0.17397213727488958,0.0010193679918450561,980.0,0.0010193679918450561
Tamil Nadu,Kallakurichi,1047,862,148,37,0.8233046800382043,0.1413562559694365,0.03533906399235912,27.2972972972973,0.03533906399235912
Tamil Nadu,Kancheepuram,12707,9384,3256,67,0.7384905957346345,0.25623671991815533,0.0052726843472101995,188.65671641791045,0.0052726843472101995
Tamil Nadu,Kanchipuram,387,277,89,21,0.7157622739018088,0.22997416020671835,0.05426356589147287,17.428571428571427,0.05426356589147287
Tamil Nadu,Kanniyakumari,2215,2084,130,1,0.9408577878103838,0.05869074492099323,0.0004514672686230248,2214.0,0.0004514672686230248
Tamil Nadu,Kanyakumari,1944,1838,90,16,0.9454732510288066,0.046296296296296294,0.00823045267489712,120.5,0.00823045267489712
Tamil Nadu,Karur,3892,3255,634,3,0.8363309352517986,0.16289825282631037,0.0007708119218910585,1296.3333333333333,0.0007708119218910585
Tamil Nadu,Krishnagiri,4911,4038,866,7,0.8222357971899816,0.1763388311952759,0.0014253716147424149,700.5714285714286,0.0014253716147424149
Tamil Nadu,Madurai,9698,8665,996,37,0.8934831924108063,0.10270158795627965,0.003815219632914003,261.1081081081081,0.003815219632914003
Tamil Nadu,Mayiladuthurai,493,429,63,1,0.8701825557809331,0.12778904665314403,0.002028397565922921,492.0,0.002028397565922921
Tamil Nadu,Nagapattinam,3935,3229,706,0,0.820584498094028,0.17941550190597205,0.0,,0.0
Tamil Nadu,Namakkal,4724,4135,580,9,0.8753175275190517,0.12277730736663844,0.001905165114309907,523.8888888888889,0.001905165114309907
Tamil Nadu,Namakkal   *,1,0,1,0,0.0,1.0,0.0,,0.0
Tamil Nadu,Perambalur,2068,1842,226,0,0.8907156673114119,0.109284332688588,0.0,,0.0
Tamil Nadu,Pudukkottai,6917,5246,1637,34,0.7584212809021252,0.23666329333526095,0.00491542576261385,202.44117647058823,0.00491542576261385
Tamil Nadu,Ramanathapuram,3899,3232,624,43,0.8289304949987176,0.16004103616311874,0.011028468838163632,89.67441860465117,0.011028468838163632
Tamil Nadu,Ranipet,111,97,13,1,0.8738738738738738,0.11711711711711711,0.009009009009009009,110.0,0.009009009009009009
Tamil Nadu,Salem,9933,8184,1532,217,0.8239202657807309,0.15423336353568912,0.021846370683579985,44.774193548387096,0.021846370683579985
Tamil Nadu,Sivaganga,4367,3685,662,20,0.8438287153652393,0.15159148156629265,0.004579803068468056,217.35,0.004579803068468056
Tamil Nadu,Tenkasi,1224,1111,113,0,0.9076797385620915,0.0923202614379085,0.0,,0.0
Tamil Nadu,Thanjavur,7221,5766,1435,20,0.798504362276693,0.19872593823570142,0.002769699487605595,360.05,0.002769699487605595
Tamil Nadu,The Nilgiris,1666,1245,416,5,0.7472989195678271,0.24969987995198079,0.003001200480192077,332.2,0.003001200480192077
Tamil Nadu,Theni,3402,2851,550,1,0.8380364491475603,0.16166960611405057,0.00029394473838918284,3401.0,0.00029394473838918284
Tamil Nadu,Thiruvallur,596,454,132,10,0.761744966442953,0.2214765100671141,0.016778523489932886,58.6,0.016778523489932886
Tamil Nadu,Thiruvarur,4095,3291,801,3,0.8036630036630037,0.1956043956043956,0.0007326007326007326,1364.0,0.0007326007326007326
Tamil Nadu,Thoothukkudi,5202,4341,858,3,0.8344867358708189,0.16493656286043828,0.0005767012687427913,1733.0,0.0005767012687427913
Tamil Nadu,Tiruchirappalli,9720,8224,1491,5,0.8460905349794239,0.15339506172839507,0.00051440329218107,1943.0,0.00051440329218107
Tamil Nadu,Tirunelveli,9423,8080,1341,2,0.8574763875623475,0.14231136580706782,0.00021224663058473945,4710.5,0.00021224663058473945
Tamil Nadu,Tirupathur,4,4,0,0,1.0,0.0,0.0,,0.0
Tamil Nadu,Tirupattur,1015,920,93,2,0.9064039408866995,0.0916256157635468,0.0019704433497536944,506.5,0.0019704433497536944
Tamil Nadu,Tiruppur,6045,4969,1071,5,0.8220016542597188,0.1771712158808933,0.0008271298593879239,1208.0,0.0008271298593879239
Tamil Nadu,Tiruvallur,11265,8589,2621,55,0.7624500665778962,0.23266755437194853,0.004882379050155349,203.8181818181818,0.004882379050155349
Tamil Nadu,Tiruvannamalai,7131,6438,660,33,0.9028186790071518,0.09255363904080774,0.004627681952040387,215.0909090909091,0.004627681952040387
Tamil Nadu,Tiruvarur,1,1,0,0,1.0,0.0,0.0,,0.0
Tamil Nadu,Tuticorin,2,1,1,0,0.5,0.5,0.0,,0.0
Tamil Nadu,Vellore,9469,8138,1278,53,0.8594360544936107,0.1349667335515894,0.005597211954799873,177.66037735849056,0.005597211954799873
Tamil Nadu,Villupuram,6619,5724,892,3,0.8647831998791358,0.134763559450068,0.0004532406707961928,2205.3333333333335,0.0004532406707961928
Tamil Nadu,Viluppuram,5036,4272,764,0,0.8482922954725973,0.1517077045274027,0.0,,0.0
Tamil Nadu,Virudhunagar,5283,4660,612,11,0.8820745788377815,0.11584327086882454,0.002082150293393905,479.27272727272725,0.002082150293393905
Telangana,Adilabad,2938,2478,457,3,0.8434309053778081,0.15554799183117768,0.0010211027910142954,978.3333333333334,0.0010211027910142954
Telangana,Bhadradri Kothagudem,3131,2428,664,39,0.7754710954966464,0.21207282018524434,0.012456084318109231,79.28205128205128,0.012456084318109231
Telangana,Hanumakonda,999,888,106,5,0.8888888888888888,0.1061061061061061,0.005005005005005005,198.8,0.005005005005005005
Telangana,Hyderabad,25560,19389,5505,666,0.7585680751173709,0.2153755868544601,0.026056338028169014,37.37837837837838,0.026056338028169014
Telangana,Jagitial,1553,1448,96,9,0.9323889246619447,0.061815840309079204,0.005795235028976175,171.55555555555554,0.005795235028976175
Telangana,Jangaon,77,63,14,0,0.8181818181818182,0.18181818181818182,0.0,,0.0
Telangana,Jangoan,1004,879,125,0,0.8754980079681275,0.12450199203187251,0.0,,0.0
Telangana,Jayashankar Bhupalpally,824,651,169,4,0.7900485436893204,0.20509708737864077,0.0048543689320388345,205.0,0.0048543689320388345
Telangana,Jogulamba Gadwal,1765,1471,292,2,0.8334277620396601,0.16543909348441926,0.0011331444759206798,881.5,0.0011331444759206798
Telangana,K.v. Rangareddy,17010,13244,3603,163,0.7786008230452675,0.21181657848324514,0.00958259847148736,103.3558282208589,0.00958259847148736
Telangana,Kamareddy,1983,1838,143,2,0.9268784669692385,0.07211296016137166,0.0010085728693898135,990.5,0.0010085728693898135
Telangana,Karimnagar,5708,5027,674,7,0.8806937631394534,0.11807988787666433,0.0012263489838822705,814.4285714285714,0.0012263489838822705
Telangana,Khammam,3819,2746,1064,9,0.7190363969625556,0.27860696517412936,0.002356637863315004,423.3333333333333,0.002356637863315004
Telangana,Komaram Bheem,1080,896,184,0,0.8296296296296296,0.17037037037037037,0.0,,0.0
Telangana,Mahabubabad,1450,1206,243,1,0.8317241379310345,0.16758620689655174,0.000689655172413793,1449.0,0.000689655172413793
Telangana,Mahabubnagar,9978,7549,2413,16,0.7565644417718982,0.24183203046702745,0.0016035277610743637,622.625,0.0016035277610743637
Telangana,Mancherial,1065,901,163,1,0.8460093896713615,0.15305164319248826,0.0009389671361502347,1064.0,0.0009389671361502347
Telangana,Medak,7393,6036,1350,7,0.8164479913431625,0.1826051670499121,0.0009468416069254701,1055.142857142857,0.0009468416069254701
Telangana,Medchal Malkajgiri,704,409,265,30,0.5809659090909091,0.37642045454545453,0.04261363636363636,22.466666666666665,0.04261363636363636
Telangana,Medchal-malkajgiri,4011,3018,887,106,0.7524308152580403,0.22114185988531537,0.02642732485664423,36.839622641509436,0.02642732485664423
Telangana,Medchal?malkajgiri,2,1,1,0,0.5,0.5,0.0,,0.0
Telangana,Medchal−malkajgiri,516,428,86,2,0.8294573643410853,0.16666666666666666,0.003875968992248062,257.0,0.003875968992248062
Telangana,Mulugu,930,694,233,3,0.7462365591397849,0.25053763440860216,0.0032258064516129032,309.0,0.0032258064516129032
Telangana,Nagarkurnool,1339,1056,281,2,0.7886482449589246,0.20985810306198655,0.0014936519790888724,668.5,0.0014936519790888724
Telangana,Nalgonda,6530,5293,1227,10,0.8105666156202144,0.18790199081163858,0.0015313935681470138,652.0,0.0015313935681470138
Telangana,Narayanpet,1294,1072,218,4,0.8284389489953632,0.16846986089644514,0.0030911901081916537,322.5,0.0030911901081916537
Telangana,Nirmal,1369,1263,103,3,0.9225712198685172,0.07523739956172389,0.002191380569758948,455.3333333333333,0.002191380569758948
Telangana,Nizamabad,6470,5887,574,9,0.9098918083462133,0.08871715610510046,0.0013910355486862441,717.8888888888889,0.0013910355486862441
Telangana,Peddapalli,582,507,72,3,0.8711340206185567,0.12371134020618557,0.005154639175257732,193.0,0.005154639175257732
Telangana,Rajanna Sircilla,866,812,51,3,0.9376443418013857,0.05889145496535797,0.003464203233256351,287.6666666666667,0.003464203233256351
Telangana,Ranga Reddy,284,181,93,10,0.6373239436619719,0.3274647887323944,0.035211267605633804,27.4,0.035211267605633804
Telangana,Rangareddy,294,233,59,2,0.7925170068027211,0.20068027210884354,0.006802721088435374,146.0,0.006802721088435374
Telangana,Sangareddy,2630,2161,458,11,0.8216730038022814,0.1741444866920152,0.004182509505703422,238.0909090909091,0.004182509505703422
Telangana,Siddipet,1834,1665,168,1,0.9078516902944384,0.0916030534351145,0.0005452562704471102,1833.0,0.0005452562704471102
Telangana,Suryapet,1983,1692,289,2,0.8532526475037822,0.14573877962682805,0.0010085728693898135,990.5,0.0010085728693898135
Telangana,Vikarabad,2553,2056,495,2,0.8053270661966314,0.19388954171562867,0.0007833920877399138,1275.5,0.0007833920877399138
Telangana,Wanaparthy,1633,1242,391,0,0.7605633802816901,0.23943661971830985,0.0,,0.0
Telangana,Warangal,2869,2394,475,0,0.8344370860927153,0.16556291390728478,0.0,,0.0
Telangana,Warangal (urban),7,6,1,0,0.8571428571428571,0.14285714285714285,0.0,,0.0
Telangana,Warangal Rural,720,648,70,2,0.9,0.09722222222222222,0.002777777777777778,359.0,0.002777777777777778
Telangana,Warangal Urban,651,575,71,5,0.8832565284178188,0.10906298003072197,0.007680491551459293,129.2,0.007680491551459293
Telangana,Yadadri.,1540,1337,202,1,0.8681818181818182,0.13116883116883116,0.0006493506493506494,1539.0,0.0006493506493506494
The Dadra And Nagar Haveli And Daman And Diu,Dadra And Nagar Haveli,716,548,141,27,0.7653631284916201,0.19692737430167598,0.03770949720670391,25.51851851851852,0.03770949720670391
Tripura,Dhalai,1401,761,604,36,0.5431834403997144,0.43112062812276947,0.02569593147751606,37.916666666666664,0.02569593147751606
Tripura,Dhalai  *,32,28,4,0,0.875,0.125,0.0,,0.0
Tripura,Gomati,673,459,203,11,0.6820208023774146,0.3016344725111441,0.01634472511144131,60.18181818181818,0.01634472511144131
Tripura,Khowai,314,178,95,41,0.5668789808917197,0.30254777070063693,0.1305732484076433,6.658536585365853,0.1305732484076433
Tripura,North Tripura,1462,1026,410,26,0.7017783857729138,0.280437756497948,0.017783857729138167,55.23076923076923,0.017783857729138167
Tripura,Sepahijala,1699,1100,569,30,0.6474396703943496,0.33490288404944085,0.017657445556209534,55.63333333333333,0.017657445556209534
Tripura,South Tripura,2062,1266,790,6,0.6139670223084384,0.3831231813773036,0.002909796314258002,342.6666666666667,0.002909796314258002
Tripura,Unakoti,628,426,177,25,0.678343949044586,0.2818471337579618,0.03980891719745223,24.12,0.03980891719745223
Tripura,West Tripura,2737,1921,745,71,0.7018633540372671,0.2721958348556814,0.025940811107051515,37.54929577464789,0.025940811107051515
Uttar Pradesh,Agra,29345,15938,12506,901,0.5431248935082638,0.4261714090986539,0.030703697393082298,31.569367369589344,0.030703697393082298
Uttar Pradesh,Aligarh,25851,13639,11631,581,0.5276004796719662,0.449924567714982,0.02247495261305172,43.493975903614455,0.02247495261305172
Uttar Pradesh,Allahabad,12910,7062,5801,47,0.5470178156467854,0.4493415956622773,0.003640588690937258,273.6808510638298,0.003640588690937258
Uttar Pradesh,Ambedkar Nagar,7847,3777,4021,49,0.4813304447559577,0.5124251306231681,0.006244424620874219,159.14285714285714,0.006244424620874219
Uttar Pradesh,Amethi,7066,3829,3184,53,0.54189074440985,0.4506085479762242,0.007500707613925842,132.32075471698113,0.007500707613925842
Uttar Pradesh,Amroha,8010,5502,2448,60,0.6868913857677903,0.3056179775280899,0.00749063670411985,132.5,0.00749063670411985
Uttar Pradesh,Auraiya,3660,2126,1517,17,0.5808743169398907,0.4144808743169399,0.004644808743169399,214.2941176470588,0.004644808743169399
Uttar Pradesh,Ayodhya,1680,1015,633,32,0.6041666666666666,0.3767857142857143,0.01904761904761905,51.5,0.01904761904761905
Uttar Pradesh,Azamgarh,20211,6570,13367,274,0.3250705061600119,0.6613725199148979,0.013556973925090298,72.76277372262774,0.013556973925090298
Uttar Pradesh,Baghpat,6741,3417,3170,154,0.5068980863373387,0.47025663848093757,0.02284527518172378,42.77272727272727,0.02284527518172378
Uttar Pradesh,Bagpat,1,0,1,0,0.0,1.0,0.0,,0.0
Uttar Pradesh,Bahraich,38897,14491,22132,2274,0.37254801141476207,0.568989896393038,0.058462092192199916,16.105101143359718,0.058462092192199916
Uttar Pradesh,Ballia,9724,3949,5738,37,0.4061085972850679,0.5900863842040313,0.003805018510900864,261.81081081081084,0.003805018510900864
Uttar Pradesh,Balrampur,12145,4111,7800,234,0.3384932070811033,0.6422396047756278,0.019267188143268835,50.901709401709404,0.019267188143268835
Uttar Pradesh,Banda,10458,4761,5494,203,0.45524956970740105,0.5253394530502964,0.019410977242302542,50.51724137931034,0.019410977242302542
Uttar Pradesh,Bara Banki,8937,5679,3169,89,0.6354481369587109,0.35459326395882285,0.009958599082466152,99.41573033707866,0.009958599082466152
Uttar Pradesh,Barabanki,2359,1393,914,52,0.5905044510385756,0.387452310300975,0.022043238660449344,44.36538461538461,0.022043238660449344
Uttar Pradesh,Bareilly,27357,16880,9892,585,0.6170267207661658,0.3615893555579925,0.02138392367584165,45.764102564102565,0.02138392367584165
Uttar Pradesh,Basti,9911,4714,5117,80,0.4756331349006155,0.516295025728988,0.008071839370396528,122.8875,0.008071839370396528
Uttar Pradesh,Bhadohi,533,259,270,4,0.48592870544090055,0.5065666041275797,0.0075046904315197,132.25,0.0075046904315197
Uttar Pradesh,Bijnor,16445,12591,3781,73,0.7656430525995743,0.22991790817877775,0.0044390392216479176,224.27397260273972,0.0044390392216479176
Uttar Pradesh,Budaun,15272,7634,7297,341,0.499869041382923,0.47780251440544785,0.022328444211629127,43.78592375366569,0.022328444211629127
Uttar Pradesh,Bulandshahar,181,112,69,0,0.6187845303867403,0.3812154696132597,0.0,,0.0
Uttar Pradesh,Bulandshahr,16676,9024,7446,206,0.5411369633005517,0.4465099544255217,0.012353082273926601,79.95145631067962,0.012353082273926601
Uttar Pradesh,Chandauli,9404,4317,4915,172,0.45905997447894514,0.5226499361973628,0.018290089323692044,53.674418604651166,0.018290089323692044
Uttar Pradesh,Chitrakoot,5286,2885,2387,14,0.545781309118426,0.451570185395384,0.0026485054861899358,376.57142857142856,0.0026485054861899358
Uttar Pradesh,Deoria,10113,4632,5368,113,0.4580243251260753,0.530801938099476,0.01117373677444873,88.49557522123894,0.01117373677444873
Uttar Pradesh,Etah,11165,6700,4307,158,0.600089565606807,0.3857590685176892,0.014151365875503806,69.66455696202532,0.014151365875503806
Uttar Pradesh,Etawah,7032,4085,2831,116,0.5809158134243458,0.4025881683731513,0.016496018202502846,59.62068965517241,0.016496018202502846
Uttar Pradesh,Faizabad,6768,3953,2812,3,0.5840721040189125,0.41548463356973997,0.0004432624113475177,2255.0,0.0004432624113475177
Uttar Pradesh,Farrukhabad,5763,2797,2887,79,0.4853374978309908,0.5009543640465035,0.01370813812250564,71.9493670886076,0.01370813812250564
Uttar Pradesh,Fatehpur,12103,6401,5482,220,0.5288771378996943,0.4529455506899116,0.018177311410394116,54.013636363636365,0.018177311410394116
Uttar Pradesh,Firozabad,12052,7115,4817,120,0.590358446730833,0.3996846996349154,0.009956853634251576,99.43333333333334,0.009956853634251576
Uttar Pradesh,Gautam Buddha Nagar,18788,8896,9259,633,0.4734937193953587,0.49281456248669364,0.033691718117947626,28.68088467614534,0.033691718117947626
Uttar Pradesh,Ghaziabad,22654,11715,10547,392,0.5171272181513199,0.4655689944380683,0.017303787410611813,56.79081632653061,0.017303787410611813
Uttar Pradesh,Ghazipur,11067,4221,6775,71,0.38140417457305503,0.6121803560133731,0.006415469413571881,154.8732394366197,0.006415469413571881
Uttar Pradesh,Gonda,15046,7319,7401,326,0.4864415791572511,0.491891532633258,0.021666888209490896,45.15337423312884,0.021666888209490896
Uttar Pradesh,Gorakhpur,19675,7321,11934,420,0.37209656925031764,0.606556543837357,0.021346886912325287,45.845238095238095,0.021346886912325287
Uttar Pradesh,Hamirpur,3372,1985,1362,25,0.5886714116251482,0.40391459074733094,0.00741399762752076,133.88,0.00741399762752076
Uttar Pradesh,Hapur,7185,4386,2758,41,0.6104384133611691,0.3838552540013918,0.005706332637439109,174.2439024390244,0.005706332637439109
Uttar Pradesh,Hardoi,24930,12425,12201,304,0.4983955074207782,0.489410348977136,0.01219414360208584,81.00657894736842,0.01219414360208584
Uttar Pradesh,Hathras,6418,3776,2561,81,0.5883452789030851,0.3990339669679028,0.012620754129012153,78.23456790123457,0.012620754129012153
Uttar Pradesh,Jalaun,5480,2747,2608,125,0.5012773722627737,0.4759124087591241,0.02281021897810219,42.84,0.02281021897810219
Uttar Pradesh,Jaunpur,15522,5268,10038,216,0.3393892539621183,0.6466950135291843,0.013915732508697333,70.86111111111111,0.013915732508697333
Uttar Pradesh,Jhansi,7005,4461,2476,68,0.636830835117773,0.35346181299072094,0.009707351891506066,102.01470588235294,0.009707351891506066
Uttar Pradesh,Jyotiba Phule Nagar,79,57,22,0,0.7215189873417721,0.27848101265822783,0.0,,0.0
Uttar Pradesh,Kannauj,6522,3034,3389,99,0.46519472554431157,0.5196258816314014,0.01517939282428703,64.87878787878788,0.01517939282428703
Uttar Pradesh,Kanpur Dehat,7912,3966,3765,181,0.5012639029322548,0.47585945399393326,0.02287664307381193,42.71270718232044,0.02287664307381193
Uttar Pradesh,Kanpur Nagar,24279,11177,12433,669,0.460356686848717,0.5120886362700275,0.027554676881255406,35.2914798206278,0.027554676881255406
Uttar Pradesh,Kasganj,6225,3149,2924,152,0.5058634538152611,0.469718875502008,0.024417670682730923,39.953947368421055,0.024417670682730923
Uttar Pradesh,Kaushambi,7344,4294,2981,69,0.5846949891067538,0.4059095860566449,0.009395424836601307,105.43478260869566,0.009395424836601307
Uttar Pradesh,Kheri,24274,11114,12706,454,0.45785614237455713,0.5234407184642004,0.018703139161242482,52.46696035242291,0.018703139161242482
Uttar Pradesh,Kushi Nagar,1570,779,777,14,0.4961783439490446,0.4949044585987261,0.008917197452229299,111.14285714285714,0.008917197452229299
Uttar Pradesh,Kushinagar,10436,4346,6060,30,0.4164430816404753,0.5806822537370641,0.002874664622460713,346.8666666666667,0.002874664622460713
Uttar Pradesh,Kushinagar *,6,5,1,0,0.8333333333333334,0.16666666666666666,0.0,,0.0
Uttar Pradesh,Lalitpur,4678,3323,1283,72,0.7103463018383924,0.2742625053441642,0.015391192817443352,63.97222222222222,0.015391192817443352
Uttar Pradesh,Lucknow,25019,13417,11149,453,0.5362724329509573,0.44562132779087893,0.018106239258163796,54.22958057395144,0.018106239258163796
Uttar Pradesh,Maharajganj,17716,6079,11167,470,0.34313614811469856,0.6303341612102055,0.02652969067509596,36.693617021276594,0.02652969067509596
Uttar Pradesh,Mahoba,2938,1921,1006,11,0.6538461538461539,0.3424098025867937,0.0037440435670524166,266.09090909090907,0.0037440435670524166
Uttar Pradesh,Mahrajganj,18,10,8,0,0.5555555555555556,0.4444444444444444,0.0,,0.0
Uttar Pradesh,Mainpuri,11500,4973,6345,182,0.43243478260869567,0.5517391304347826,0.01582608695652174,62.18681318681319,0.01582608695652174
Uttar Pradesh,Mathura,11483,5694,5661,128,0.49586345031786117,0.49298963685448055,0.011146912827658277,88.7109375,0.011146912827658277
Uttar Pradesh,Mau,7384,2502,4838,44,0.3388407367280607,0.6552004333694474,0.005958829902491874,166.8181818181818,0.005958829902491874
Uttar Pradesh,Meerut,23606,13914,9442,250,0.5894264170126239,0.39998305515546895,0.010590527831907143,93.424,0.010590527831907143
Uttar Pradesh,Mirzapur,7532,3481,4043,8,0.4621614445034519,0.5367764206054169,0.0010621348911311736,940.5,0.0010621348911311736
Uttar Pradesh,Moradabad,21436,15107,6111,218,0.7047490203396156,0.2850811718604217,0.010169807799962679,97.3302752293578,0.010169807799962679
Uttar Pradesh,Muzaffarnagar,11761,7137,4500,124,0.6068361533883173,0.38262052546552167,0.010543321146161041,93.84677419354838,0.010543321146161041
Uttar Pradesh,Pilibhit,13423,8654,4560,209,0.6447142963569992,0.3397154138419131,0.015570289801087685,63.22488038277512,0.015570289801087685
Uttar Pradesh,Pratapgarh,10098,5732,4310,56,0.56763715587245,0.4268171915230739,0.005545652604476134,179.32142857142858,0.005545652604476134
Uttar Pradesh,Prayagraj,2844,1413,1250,181,0.49683544303797467,0.43952180028129395,0.06364275668073137,14.712707182320441,0.06364275668073137
Uttar Pradesh,Rae Bareli,9545,5676,3827,42,0.5946568884232583,0.4009429020429544,0.004400209533787323,226.26190476190476,0.004400209533787323
Uttar Pradesh,Raebareli,3,0,3,0,0.0,1.0,0.0,,0.0
Uttar Pradesh,Rampur,19947,11932,7722,293,0.598185190755502,0.3871258835915175,0.014688925652980397,67.07849829351535,0.014688925652980397
Uttar Pradesh,Saharanpur,18601,13244,5259,98,0.7120047309284447,0.28272673512176766,0.005268533949787646,188.80612244897958,0.005268533949787646
Uttar Pradesh,Sambhal,8563,4666,3780,117,0.5449024874459886,0.4414340768422282,0.013663435711783254,72.1880341880342,0.013663435711783254
Uttar Pradesh,Sant Kabir Nagar,5967,2664,3268,35,0.4464555052790347,0.5476789006200771,0.005865594100888219,169.4857142857143,0.005865594100888219
Uttar Pradesh,Sant Ravidas Nagar,4316,1819,2493,4,0.42145505097312325,0.5776181649675626,0.0009267840593141798,1078.0,0.0009267840593141798
Uttar Pradesh,Sant Ravidas Nagar Bhadohi,79,36,43,0,0.45569620253164556,0.5443037974683544,0.0,,0.0
Uttar Pradesh,Shahjahanpur,24054,12680,10932,442,0.5271472520162966,0.4544774257919681,0.018375322191735263,53.42081447963801,0.018375322191735263
Uttar Pradesh,Shamli,8038,5407,2574,57,0.6726797710873351,0.320228912664842,0.0070913162478228415,140.01754385964912,0.0070913162478228415
Uttar Pradesh,Shravasti,2535,867,1570,98,0.34201183431952664,0.6193293885601578,0.03865877712031558,24.867346938775512,0.03865877712031558
Uttar Pradesh,Shrawasti,5038,1784,3105,149,0.3541087733227471,0.6163159984120683,0.0295752282651846,32.81208053691275,0.0295752282651846
Uttar Pradesh,Siddharth Nagar,4341,1603,2586,152,0.36926975351301544,0.5957152729785764,0.0350149735084082,27.55921052631579,0.0350149735084082
Uttar Pradesh,Siddharthnagar,13784,4799,8591,394,0.3481572838073128,0.6232588508415554,0.02858386535113175,33.984771573604064,0.02858386535113175
Uttar Pradesh,Sitapur,30475,16003,13732,740,0.5251189499589828,0.4505988515176374,0.02428219852337982,40.182432432432435,0.02428219852337982
Uttar Pradesh,Sonbhadra,4920,2943,1964,13,0.598170731707317,0.3991869918699187,0.0026422764227642275,377.46153846153845,0.0026422764227642275
Uttar Pradesh,Sultanpur,11198,5343,5723,132,0.4771387747812109,0.511073405965351,0.011787819253438114,83.83333333333333,0.011787819253438114
Uttar Pradesh,Unnao,18960,9735,8860,365,0.5134493670886076,0.46729957805907174,0.019251054852320676,50.945205479452056,0.019251054852320676
Uttar Pradesh,Varanasi,23139,9370,13318,451,0.40494403388219025,0.5755650633130213,0.019490902804788452,50.3059866962306,0.019490902804788452
Uttarakhand,Almora,1344,1209,127,8,0.8995535714285714,0.09449404761904762,0.005952380952380952,167.0,0.005952380952380952
Uttarakhand,Bageshwar,723,658,63,2,0.9100968188105117,0.08713692946058091,0.0027662517289073307,360.5,0.0027662517289073307
Uttarakhand,Chamoli,1045,961,77,7,0.9196172248803828,0.07368421052631578,0.0066985645933014355,148.28571428571428,0.0066985645933014355
Uttarakhand,Champawat,850,755,94,1,0.888235294117647,0.11058823529411765,0.001176470588235294,849.0,0.001176470588235294
Uttarakhand,Dehradun,9365,7687,1544,134,0.8208222103577149,0.16486919380672718,0.014308595835557929,68.88805970149254,0.014308595835557929
Uttarakhand,Garhwal,52,48,4,0,0.9230769230769231,0.07692307692307693,0.0,,0.0
Uttarakhand,Hardwar,143,115,28,0,0.8041958041958042,0.1958041958041958,0.0,,0.0
Uttarakhand,Haridwar,5877,4618,1207,52,0.7857750553003233,0.20537689297260506,0.008848051727071635,112.01923076923077,0.008848051727071635
Uttarakhand,Nainital,3847,3323,448,76,0.8637899662074343,0.116454380036392,0.019755653756173643,49.61842105263158,0.019755653756173643
Uttarakhand,Pauri Garhwal,1809,1635,161,13,0.9038142620232172,0.08899944720840243,0.007186290768380321,138.15384615384616,0.007186290768380321
Uttarakhand,Pithoragarh,1204,1052,143,9,0.8737541528239202,0.11877076411960133,0.007475083056478406,132.77777777777777,0.007475083056478406
Uttarakhand,Rudraprayag,939,858,81,0,0.9137380191693291,0.08626198083067092,0.0,,0.0
Uttarakhand,Tehri Garhwal,2722,2392,317,13,0.878765613519471,0.11645848640705364,0.004775900073475386,208.3846153846154,0.004775900073475386
Uttarakhand,Udham Singh Nagar,5930,4941,971,18,0.833220910623946,0.16374367622259697,0.0030354131534569982,328.44444444444446,0.0030354131534569982
Uttarakhand,Uttarkashi,1106,956,145,5,0.864376130198915,0.13110307414104883,0.0045207956600361665,220.2,0.0045207956600361665
WEST BENGAL,HOOGHLY,4,3,1,0,0.75,0.25,0.0,,0.0
WESTBENGAL,HOOGHLY,1,1,0,0,1.0,0.0,0.0,,0.0
West  Bengal,Hooghly,15,9,6,0,0.6,0.4,0.0,,0.0
West Bangal,Hooghly,6,5,1,0,0.8333333333333334,0.16666666666666666,0.0,,0.0
West Bangal,Howrah,4,2,2,0,0.5,0.5,0.0,,0.0
West Bengal,24 Paraganas North,6147,3177,2458,512,0.5168374816983895,0.3998698552139255,0.08329266308768506,11.005859375,0.08329266308768506
West Bengal,24 Paraganas South,490,364,104,22,0.7428571428571429,0.21224489795918366,0.044897959183673466,21.272727272727273,0.044897959183673466
West Bengal,Alipurduar,3657,1513,1706,438,0.4137270987147936,0.4665025977577249,0.11977030352748154,7.3493150684931505,0.11977030352748154
West Bengal,Bankura,11026,8803,2073,150,0.7983856339561037,0.18801015780881553,0.013604208235080718,72.50666666666666,0.013604208235080718
West Bengal,Barddhaman,15505,12547,2944,14,0.8092228313447275,0.18987423411802645,0.0009029345372460496,1106.5,0.0009029345372460496
West Bengal,Bardhaman,1745,1319,423,3,0.7558739255014326,0.24240687679083095,0.0017191977077363897,580.6666666666666,0.0017191977077363897
West Bengal,Birbhum,15224,13115,2002,107,0.8614687335785601,0.1315028901734104,0.007028376248029427,141.2803738317757,0.007028376248029427
West Bengal,Burdwan,2,2,0,0,1.0,0.0,0.0,,0.0
West Bengal,Cooch Behar,10570,7139,3185,246,0.6754020813623463,0.30132450331125826,0.023273415326395458,41.96747967479675,0.023273415326395458
West Bengal,Coochbehar,4410,2140,2087,183,0.4852607709750567,0.47324263038548753,0.04149659863945578,23.098360655737704,0.04149659863945578
West Bengal,Dakshin Dinajpur,6415,5257,1059,99,0.819485580670304,0.16508183943881527,0.015432579890880748,63.7979797979798,0.015432579890880748
West Bengal,Darjeeling,7237,3919,2548,770,0.5415227304131546,0.35207959099074204,0.10639767859610336,8.3987012987013,0.10639767859610336
West Bengal,Darjiling,710,520,188,2,0.7323943661971831,0.2647887323943662,0.0028169014084507044,354.0,0.0028169014084507044
West Bengal,Dinajpur Dakshin,997,707,256,34,0.7091273821464393,0.2567703109327984,0.034102306920762285,28.323529411764707,0.034102306920762285
West Bengal,Dinajpur Uttar,11671,6478,4859,334,0.5550509810641762,0.4163310770285323,0.028617941907291576,33.94311377245509,0.028617941907291576
West Bengal,East Midnapore,2069,1750,315,4,0.8458192363460609,0.15224746254229096,0.0019333011116481392,516.25,0.0019333011116481392
West Bengal,East Midnapur,1,1,0,0,1.0,0.0,0.0,,0.0
West Bengal,HOOGHLY,2,2,0,0,1.0,0.0,0.0,,0.0
West Bengal,HOWRAH,3,2,1,0,0.6666666666666666,0.3333333333333333,0.0,,0.0
West Bengal,Haora,2791,1892,897,2,0.677893228233608,0.32139018273020425,0.0007165890361877463,1394.5,0.0007165890361877463
West Bengal,Hawrah,5,2,3,0,0.4,0.6,0.0,,0.0
West Bengal,Hooghiy,1,1,0,0,1.0,0.0,0.0,,0.0
West Bengal,Hooghly,14998,10871,3785,342,0.7248299773303107,0.25236698226430193,0.022803040405387383,42.853801169590646,0.022803040405387383
West Bengal,Howrah,11141,7939,3058,144,0.7125931244951081,0.27448164437662687,0.012925231128264967,76.36805555555556,0.012925231128264967
West Bengal,Hugli,188,144,44,0,0.7659574468085106,0.23404255319148937,0.0,,0.0
West Bengal,Jalpaiguri,10531,5596,4398,537,0.5313835343272244,0.4176241572500237,0.050992308422751875,18.610800744878958,0.050992308422751875
West Bengal,Jhargram,943,726,167,50,0.7698833510074231,0.17709437963944857,0.053022269353128315,17.86,0.053022269353128315
West Bengal,KOLKATA,1,0,1,0,0.0,1.0,0.0,,0.0
West Bengal,Kalimpong,504,168,183,153,0.3333333333333333,0.3630952380952381,0.30357142857142855,2.2941176470588234,0.30357142857142855
West Bengal,Koch Bihar,3263,2163,1090,10,0.6628869138829299,0.33404842169782406,0.0030646644192460926,325.3,0.0030646644192460926
West Bengal,Kolkata,10205,4927,4556,722,0.48280254777070064,0.4464478196962273,0.07074963253307202,13.134349030470915,0.07074963253307202
West Bengal,MALDA,15,14,1,0,0.9333333333333333,0.06666666666666667,0.0,,0.0
West Bengal,Malda,15562,11579,3899,84,0.7440560339288009,0.2505462022876237,0.005397763783575376,184.26190476190476,0.005397763783575376
West Bengal,Maldah,1719,1163,556,0,0.6765561372891216,0.32344386271087844,0.0,,0.0
West Bengal,Medinipur,28,25,3,0,0.8928571428571429,0.10714285714285714,0.0,,0.0
West Bengal,Medinipur West,645,325,300,20,0.5038759689922481,0.46511627906976744,0.031007751937984496,31.25,0.031007751937984496
West Bengal,Murshidabad,34968,30593,4290,85,0.8748856097002974,0.12268359643102265,0.002430793868679936,410.38823529411764,0.002430793868679936
West Bengal,NADIA,3,3,0,0,1.0,0.0,0.0,,0.0
West Bengal,Nadia,17529,13091,3598,840,0.7468195561640709,0.20525985509726738,0.047920588738661646,19.867857142857144,0.047920588738661646
West Bengal,North 24 Parganas,28220,21205,5668,1347,0.7514174344436569,0.2008504606661942,0.047732104890148834,19.95025983667409,0.047732104890148834
West Bengal,North Dinajpur,338,260,78,0,0.7692307692307693,0.23076923076923078,0.0,,0.0
West Bengal,North Twenty Four Parganas,1597,1202,393,2,0.7526612398246713,0.24608641202254228,0.0012523481527864746,797.5,0.0012523481527864746
West Bengal,Paschim Bardhaman,1266,856,317,93,0.6761453396524486,0.25039494470774093,0.07345971563981042,12.612903225806452,0.07345971563981042
West Bengal,Paschim Medinipur,17757,13959,3648,150,0.786112519006589,0.2054401081263727,0.00844737286703835,117.38,0.00844737286703835
West Bengal,Purba Bardhaman,2988,2474,386,128,0.8279785809906292,0.1291834002677376,0.0428380187416332,22.34375,0.0428380187416332
West Bengal,Purba Medinipur,14116,12760,1299,57,0.9039387928591669,0.09202323604420516,0.00403797109662794,246.64912280701753,0.00403797109662794
West Bengal,Purulia,775,532,242,1,0.6864516129032258,0.31225806451612903,0.0012903225806451613,774.0,0.0012903225806451613
West Bengal,Puruliya,13051,9540,3378,133,0.7309784690828289,0.2588307409393916,0.010190789977779481,97.12781954887218,0.010190789977779481
West Bengal,South 24 Pargana,2,1,1,0,0.5,0.5,0.0,,0.0
West Bengal,South 24 Parganas,33088,24659,8125,304,0.7452550773694391,0.2455573017408124,0.00918762088974855,107.84210526315789,0.00918762088974855
West Bengal,South 24 parganas,2,2,0,0,1.0,0.0,0.0,,0.0
West Bengal,South Dinajpur,434,366,68,0,0.8433179723502304,0.15668202764976957,0.0,,0.0
West Bengal,South Twenty Four Parganas,4048,2931,1113,4,0.7240612648221344,0.2749505928853755,0.0009881422924901185,1011.0,0.0009881422924901185
West Bengal,Uttar Dinajpur,26445,18040,8039,366,0.6821705426356589,0.30398941198714313,0.013840045377197957,71.25409836065573,0.013840045377197957
West Bengal,West Medinipur,2,1,1,0,0.5,0.5,0.0,,0.0
West Bengal,West Midnapore,2150,1621,526,3,0.753953488372093,0.24465116279069768,0.0013953488372093023,715.6666666666666,0.0013953488372093023
West Bengal,hooghly,3,2,1,0,0.6666666666666666,0.3333333333333333,0.0,,0.0
West Bengal,nadia,3,2,1,0,0.6666666666666666,0.3333333333333333,0.0,,0.0
West bengal,hooghly,7,6,1,0,0.8571428571428571,0.14285714285714285,0.0,,0.0
Westbengal,Hooghly,6,3,3,0,0.5,0.5,0.0,,0.0
andhra pradesh,chittoor,4,4,0,0,1.0,0.0,0.0,,0.0
andhra pradesh,rangareddi,1,1,0,0,1.0,0.0,0.0,,0.0
